LOCATION,TIME,PC_HEALTHXP,PC_GDP,USD_CAP,FLAG_CODES,TOTAL_SPEND,Log_TOTAL_SPEND,DBSCAN_Cluster,DBSCAN_Description
AUS,1971,15.992,0.727,35.72,,462.11,6.13796460686186,0.0,"High spend, Low health exp"
AUS,1972,15.091,0.686,36.056,,475.11,6.165648919970651,0.0,"High spend, Low health exp"
AUS,1973,15.117,0.681,39.871,,533.47,6.281275601668206,0.0,"High spend, Low health exp"
AUS,1974,14.771,0.755,47.559,,652.65,6.482572040007869,0.0,"High spend, Low health exp"
AUS,1975,11.849,0.682,47.561,,660.76,6.494902952439955,0.0,"High spend, Low health exp"
AUS,1976,10.92,0.63,46.908,,658.26,6.491117993870722,0.0,"High spend, Low health exp"
AUS,1977,10.087,0.613,47.649,,676.23,6.518010949336828,0.0,"High spend, Low health exp"
AUS,1978,9.958,0.591,50.799,,729.37,6.593551255052778,0.0,"High spend, Low health exp"
AUS,1979,8.981,0.523,49.766,,722.3,6.583824073855235,0.0,"High spend, Low health exp"
AUS,1980,9.263,0.54,56.972,,837.03,6.731053899363968,0.0,"High spend, Low health exp"
AUS,1981,9.388,0.548,65.39,,976.08,6.884568532006801,0.0,"High spend, Low health exp"
AUS,1982,9.248,0.564,67.606,,1026.12,6.9345140482828285,0.0,"High spend, Low health exp"
AUS,1983,9.589,0.58,74.083,,1138.58,7.0384150524522,0.0,"High spend, Low health exp"
AUS,1984,9.465,0.569,77.27,,1201.08,7.091808668620851,0.0,"High spend, Low health exp"
AUS,1985,9.56,0.58,84.134,,1325.78,7.1905102330973625,0.0,"High spend, Low health exp"
AUS,1986,9.568,0.599,89.94,,1440.69,7.2735713155379935,0.0,"High spend, Low health exp"
AUS,1987,9.543,0.582,93.578,,1521.94,7.3283979561900345,0.0,"High spend, Low health exp"
AUS,1988,9.823,0.595,102.027,,1686.73,7.4311397097554845,0.0,"High spend, Low health exp"
AUS,1989,10.199,0.623,111.197,,1869.71,7.53407331693313,0.0,"High spend, Low health exp"
AUS,1990,10.474,0.677,120.773,,2061.0,7.631431664576906,0.0,"High spend, Low health exp"
AUS,1991,10.937,0.739,134.356,,2322.21,7.750705129028926,0.0,"High spend, Low health exp"
AUS,1992,11.407,0.778,149.096,,2608.43,7.866887085661397,0.0,"High spend, Low health exp"
AUS,1993,11.977,0.819,165.359,,2921.4,7.980160475481073,0.0,"High spend, Low health exp"
AUS,1994,12.508,0.859,183.972,,3284.82,8.097371519251448,0.0,"High spend, Low health exp"
AUS,1995,12.762,0.882,198.406,,3585.59,8.184957169354524,0.0,"High spend, Low health exp"
AUS,1996,13.106,0.924,215.606,,3947.96,8.28120753208873,0.0,"High spend, Low health exp"
AUS,1997,13.437,0.95,232.59,,4306.87,8.368198861404991,0.0,"High spend, Low health exp"
AUS,1998,14.084,1.019,261.728,,4897.19,8.496621028103153,0.0,"High spend, Low health exp"
AUS,1999,14.679,1.075,291.589,,5518.61,8.616062484601246,0.0,"High spend, Low health exp"
AUS,2000,15.702,1.194,338.665,,6486.45,8.77762482031535,0.0,"High spend, Low health exp"
AUS,2001,16.059,1.236,364.771,,7081.3,8.865353992689647,0.0,"High spend, Low health exp"
AUS,2002,15.374,1.213,373.044,,7330.84,8.899981786572008,0.0,"High spend, Low health exp"
AUS,2003,15.761,1.244,401.302,,7984.06,8.9853275747098,0.0,"High spend, Low health exp"
AUS,2004,15.656,1.269,429.882,,8652.41,9.065708741894952,0.0,"High spend, Low health exp"
AUS,2005,15.218,1.213,432.513,,8821.02,9.08500614772194,0.0,"High spend, Low health exp"
AUS,2006,15.276,1.219,461.821,,9558.72,9.165313716913596,0.0,"High spend, Low health exp"
AUS,2007,15.201,1.225,485.887,,10119.86,9.222353919467995,0.0,"High spend, Low health exp"
AUS,2008,15.412,1.273,510.172,,10840.75,9.291159701078136,0.0,"High spend, Low health exp"
AUS,2009,15.535,1.334,553.724,,12011.21,9.393678911467886,-1.0,Outliers
AUS,2010,15.63,1.324,563.857,,12422.76,9.427366047191843,-1.0,Outliers
AUS,2011,15.311,1.315,580.921,,12977.79,9.471071765573813,-1.0,Outliers
AUS,2012,15.308,1.336,582.874,,13247.71,9.491655468184156,-1.0,Outliers
AUS,2013,14.989,1.32,627.402,,14503.87,9.582239734088592,1.0,"High spend, High health exp"
AUS,2014,14.386,1.306,616.997,,14475.18,9.580259818980464,-1.0,Outliers
AUT,1990,10.131,0.784,152.003,B,1167.06,7.0630995319318,0.0,"High spend, Low health exp"
AUT,1991,10.001,0.78,160.118,,1241.7,7.125041710811949,0.0,"High spend, Low health exp"
AUT,1992,9.889,0.801,169.708,,1330.63,7.194159034735164,0.0,"High spend, Low health exp"
AUT,1993,9.746,0.84,181.793,,1437.19,7.271140657508356,0.0,"High spend, Low health exp"
AUT,1994,9.457,0.852,192.083,,1524.39,7.330005394051118,0.0,"High spend, Low health exp"
AUT,1995,9.542,0.854,201.335,,1600.27,7.37855234337494,0.0,"High spend, Low health exp"
AUT,1996,9.839,0.876,214.418,,1706.56,7.442820729919822,0.0,"High spend, Low health exp"
AUT,1997,11.213,1.01,255.927,,2039.24,7.620822726977213,0.0,"High spend, Low health exp"
AUT,1998,11.843,1.087,288.769,,2303.45,7.742597315244779,0.0,"High spend, Low health exp"
AUT,1999,12.551,1.17,322.318,,2576.07,7.854408373651705,0.0,"High spend, Low health exp"
AUT,2000,12.734,1.174,344.082,,2756.64,7.92213052046444,0.0,"High spend, Low health exp"
AUT,2001,12.897,1.198,356.061,,2863.55,7.960166548749533,0.0,"High spend, Low health exp"
AUT,2002,13.154,1.238,385.304,,3114.01,8.043987641489274,0.0,"High spend, Low health exp"
AUT,2003,13.607,1.304,417.087,,3387.34,8.128095404928063,0.0,"High spend, Low health exp"
AUT,2004,13.41,1.294,435.327,,3557.48,8.17708876637788,0.0,"High spend, Low health exp"
AUT,2005,13.325,1.277,445.188,,3662.93,8.206291620808027,0.0,"High spend, Low health exp"
AUT,2006,13.37,1.268,474.834,,3926.23,8.275689621745018,0.0,"High spend, Low health exp"
AUT,2007,13.605,1.289,504.849,,4187.97,8.34021015930764,0.0,"High spend, Low health exp"
AUT,2008,13.606,1.311,538.253,,4479.07,8.407393950286961,0.0,"High spend, Low health exp"
AUT,2009,12.53,1.271,517.265,,4315.71,8.370248817019226,0.0,"High spend, Low health exp"
AUT,2010,12.368,1.251,524.143,,4383.62,8.385858241986176,0.0,"High spend, Low health exp"
AUT,2011,12.473,1.236,546.783,,4588.41,8.431506754487566,0.0,"High spend, Low health exp"
AUT,2012,12.181,1.234,570.525,,4809.52,8.478560465364655,0.0,"High spend, Low health exp"
AUT,2013,12.222,1.245,594.13,,5037.85,8.524933160426455,0.0,"High spend, Low health exp"
AUT,2014,12.324,1.268,616.256,,5263.8,8.56879843714191,0.0,"High spend, Low health exp"
AUT,2015,12.407,1.28,632.737,,5462.53,8.605850379981357,0.0,"High spend, Low health exp"
BEL,1970,28.113,1.078,41.918,,404.74,6.005712560373183,-1.0,Outliers
BEL,1971,28.275,1.109,46.908,,453.75,6.119747817398232,-1.0,Outliers
BEL,1972,27.629,1.126,52.105,,506.0,6.2285110035911835,-1.0,Outliers
BEL,1973,27.547,1.2,61.916,,603.17,6.403855615286879,-1.0,Outliers
BEL,1974,26.779,1.183,69.147,,675.73,6.517272375046999,-1.0,Outliers
BEL,1975,21.886,1.208,75.852,,743.4,6.612578524768096,-1.0,Outliers
BEL,1976,18.88,1.081,75.524,,741.51,6.61003633859963,0.0,"High spend, Low health exp"
BEL,1977,18.301,1.133,84.525,,830.91,6.723724261893156,0.0,"High spend, Low health exp"
BEL,1978,17.789,1.135,93.107,,916.13,6.821249228838842,0.0,"High spend, Low health exp"
BEL,1979,17.386,1.106,100.444,,989.21,6.897917041846234,0.0,"High spend, Low health exp"
BEL,1980,17.374,1.068,110.325,,1087.72,6.992757973252062,0.0,"High spend, Low health exp"
BEL,1981,16.044,1.053,118.541,,1168.69,7.064494035419467,0.0,"High spend, Low health exp"
BEL,1982,15.4,1.045,125.806,,1239.98,7.1236566690392875,0.0,"High spend, Low health exp"
BEL,1983,15.594,1.084,136.098,,1341.32,7.2021547391814424,0.0,"High spend, Low health exp"
BEL,1984,14.967,1.017,135.461,,1335.02,7.197450324044421,0.0,"High spend, Low health exp"
BEL,1985,15.684,1.074,149.946,,1478.21,7.299263440461097,0.0,"High spend, Low health exp"
BEL,1986,15.708,1.102,159.833,,1576.24,7.3634317630818265,0.0,"High spend, Low health exp"
BEL,1987,15.952,1.136,172.74,,1704.98,7.44189500465348,0.0,"High spend, Low health exp"
BEL,1988,16.479,1.174,192.778,,1908.82,7.554764275762032,0.0,"High spend, Low health exp"
BEL,1989,16.231,1.147,201.741,,2004.84,7.603818204622979,0.0,"High spend, Low health exp"
BEL,1990,15.52,1.103,206.956,,2062.81,7.632309068100634,0.0,"High spend, Low health exp"
BEL,1991,15.597,1.157,227.548,,2276.5,7.730833629134113,0.0,"High spend, Low health exp"
BEL,1992,16.282,1.237,251.603,,2527.39,7.835338015519922,0.0,"High spend, Low health exp"
BEL,1993,17.445,1.347,276.698,,2790.35,7.934280628755346,0.0,"High spend, Low health exp"
BEL,1994,17.459,1.313,283.434,,2867.11,7.961408555237841,0.0,"High spend, Low health exp"
BEL,1995,18.068,1.351,304.259,,3084.22,8.03437824660074,0.0,"High spend, Low health exp"
BEL,1996,17.119,1.327,303.867,,3086.27,8.035042484234296,0.0,"High spend, Low health exp"
BEL,1997,17.497,1.332,318.442,,3242.14,8.084297275279933,0.0,"High spend, Low health exp"
BEL,2003,17.13,1.557,483.535,B,5017.22,8.520830568133523,0.0,"High spend, Low health exp"
BEL,2004,17.098,1.557,502.408,,5235.66,8.563439169506271,1.0,"High spend, High health exp"
BEL,2005,17.026,1.536,512.107,,5366.17,8.588056046726424,1.0,"High spend, High health exp"
BEL,2006,16.501,1.472,521.218,B,5497.79,8.612283347017012,1.0,"High spend, High health exp"
BEL,2007,16.676,1.493,550.12,,5845.41,8.673583076636522,1.0,"High spend, High health exp"
BEL,2008,16.407,1.532,584.31,,6257.94,8.741766120682875,1.0,"High spend, High health exp"
BEL,2009,15.792,1.59,605.096,,6532.91,8.784760817961468,1.0,"High spend, High health exp"
BEL,2010,15.677,1.555,623.97,,6798.52,8.824607300437437,1.0,"High spend, High health exp"
BEL,2011,15.345,1.547,638.092,,7049.48,8.860850978595012,1.0,"High spend, High health exp"
BEL,2012,14.599,1.487,629.735,,7007.85,8.854928915215533,1.0,"High spend, High health exp"
BEL,2013,14.273,1.48,642.958,,7190.08,8.880596648057994,1.0,"High spend, High health exp"
BEL,2014,13.851,1.44,644.954,,7229.33,8.886039957264721,1.0,"High spend, High health exp"
BEL,2015,14.209,1.489,678.971,,7654.85,8.943225340464366,1.0,"High spend, High health exp"
CAN,1970,11.962,0.76,34.512,,735.93,6.602492908031266,0.0,"High spend, Low health exp"
CAN,1971,11.529,0.762,37.493,,811.56,6.700189757631246,0.0,"High spend, Low health exp"
CAN,1972,10.962,0.716,38.279,,841.89,6.736836463129525,0.0,"High spend, Low health exp"
CAN,1973,10.942,0.679,40.48,,905.51,6.8096020615736625,0.0,"High spend, Low health exp"
CAN,1974,10.026,0.611,40.559,,923.69,6.82945854620696,0.0,"High spend, Low health exp"
CAN,1975,9.319,0.609,44.367,B,1029.71,6.938003164139856,0.0,"High spend, Low health exp"
CAN,1976,8.957,0.589,46.967,,1104.57,7.008116318057701,0.0,"High spend, Low health exp"
CAN,1977,8.9,0.583,50.511,,1201.96,7.092540465214065,0.0,"High spend, Low health exp"
CAN,1978,8.882,0.58,55.298,,1329.14,7.193039478833917,0.0,"High spend, Low health exp"
CAN,1979,9.081,0.582,61.83,,1501.05,7.314586120718085,0.0,"High spend, Low health exp"
CAN,1980,8.934,0.589,68.701,,1689.56,7.432815113975951,0.0,"High spend, Low health exp"
CAN,1981,9.357,0.635,82.876,,2063.61,7.63269662557299,0.0,"High spend, Low health exp"
CAN,1982,9.071,0.682,90.435,,2279.14,7.73199212357214,0.0,"High spend, Low health exp"
CAN,1983,9.145,0.704,98.477,,2506.83,7.827173116361335,0.0,"High spend, Low health exp"
CAN,1984,9.5,0.72,109.506,,2814.52,7.942902248203452,0.0,"High spend, Low health exp"
CAN,1985,10.061,0.763,124.336,,3225.52,8.07915943602397,0.0,"High spend, Low health exp"
CAN,1986,10.756,0.842,141.554,,3709.28,8.218862624451749,0.0,"High spend, Low health exp"
CAN,1987,11.058,0.859,152.165,,4039.98,8.304242515796243,0.0,"High spend, Low health exp"
CAN,1988,11.383,0.884,167.067,,4493.27,8.410558531047347,0.0,"High spend, Low health exp"
CAN,1989,11.691,0.932,183.938,,5036.04,8.52457388694898,0.0,"High spend, Low health exp"
CAN,1990,11.914,1.0,201.819,,5608.75,8.632261434243912,0.0,"High spend, Low health exp"
CAN,1991,12.135,1.102,222.113,,6257.3,8.74166386171835,0.0,"High spend, Low health exp"
CAN,1992,12.75,1.19,244.536,,6974.07,8.8500976424815,0.0,"High spend, Low health exp"
CAN,1993,13.377,1.233,263.391,,7594.46,8.935305979357766,0.0,"High spend, Low health exp"
CAN,1994,13.613,1.206,272.076,,7920.65,8.97735479644343,0.0,"High spend, Low health exp"
CAN,1995,14.358,1.229,287.512,,8439.63,9.040812229354,0.0,"High spend, Low health exp"
CAN,1996,14.578,1.219,292.026,,8664.97,9.067159140489109,0.0,"High spend, Low health exp"
CAN,1997,15.255,1.273,320.266,,9603.88,9.17002658163164,0.0,"High spend, Low health exp"
CAN,1998,15.702,1.347,352.804,,10671.58,9.275433114504702,0.0,"High spend, Low health exp"
CAN,1999,16.199,1.354,375.645,,11456.87,9.346432109119554,0.0,"High spend, Low health exp"
CAN,2000,16.601,1.374,402.054,,12371.08,9.423197599998087,0.0,"High spend, Low health exp"
CAN,2001,16.921,1.465,441.311,,13716.78,9.526448080607443,0.0,"High spend, Low health exp"
CAN,2002,17.438,1.55,478.226,,14998.12,9.615746811696724,0.0,"High spend, Low health exp"
CAN,2003,17.845,1.614,519.989,,16471.17,9.709427569198322,0.0,"High spend, Low health exp"
CAN,2004,17.992,1.637,553.47,,17708.27,9.78184351027741,0.0,"High spend, Low health exp"
CAN,2005,18.058,1.637,592.738,,19152.55,9.860243356018383,0.0,"High spend, Low health exp"
CAN,2006,18.251,1.68,638.701,,20802.81,9.942891421992194,0.0,"High spend, Low health exp"
CAN,2007,18.052,1.679,662.072,,21774.18,9.988526068047042,0.0,"High spend, Low health exp"
CAN,2008,17.828,1.687,679.645,,22595.32,10.025542340143424,0.0,"High spend, Low health exp"
CAN,2009,17.824,1.885,731.121,,24586.55,10.109995496248882,0.0,"High spend, Low health exp"
CAN,2010,18.471,1.951,780.901,B,26554.75,10.187001575726354,-1.0,Outliers
CAN,2011,18.32,1.872,778.209,,26725.86,10.193424331226346,-1.0,Outliers
CAN,2012,17.883,1.828,770.464,,26774.04,10.195225389245739,-1.0,Outliers
CAN,2013,17.575,1.778,783.949,,27560.08,10.224159911587662,-1.0,Outliers
CAN,2014,17.453,1.743,785.811,,27931.31,10.237539362286123,-1.0,Outliers
CZE,1990,24.212,0.908,114.502,,1183.19,7.076814275542514,2.0,"Low spend, High health exp"
CZE,1991,21.496,0.836,96.461,,994.38,6.9031245737974425,2.0,"Low spend, High health exp"
CZE,1992,24.69,0.99,116.212,,1199.21,7.090251820465378,-1.0,Outliers
CZE,1993,22.358,1.201,144.243,,1490.01,7.307209021650363,3.0,"Low spend, High health exp"
CZE,1994,28.254,1.564,197.307,,2038.89,7.620651163815815,3.0,"Low spend, High health exp"
CZE,1995,28.28,1.629,222.953,,2302.49,7.742180643146666,3.0,"Low spend, High health exp"
CZE,1996,27.665,1.56,226.75,,2338.98,7.757897661306674,3.0,"Low spend, High health exp"
CZE,1997,27.252,1.539,225.909,,2327.8,7.753108392431414,3.0,"Low spend, High health exp"
CZE,1998,25.085,1.412,209.924,,2161.04,7.678807499415609,3.0,"Low spend, High health exp"
CZE,1999,24.149,1.403,214.504,,2205.93,7.69935768849048,3.0,"Low spend, High health exp"
CZE,2000,24.659,1.414,228.095,B,2339.13,7.75796176236415,3.0,"Low spend, High health exp"
CZE,2001,24.981,1.474,258.786,,2643.91,7.880392317248458,3.0,"Low spend, High health exp"
CZE,2002,25.069,1.558,282.66,,2882.26,7.966676877408366,3.0,"Low spend, High health exp"
CZE,2003,25.196,1.657,320.79,B,3270.13,8.092890769946443,3.0,"Low spend, High health exp"
CZE,2004,25.671,1.642,341.185,,3479.1,8.154816307987844,3.0,"Low spend, High health exp"
CZE,2005,25.7,1.643,360.063,,3676.68,8.2100373975728,3.0,"Low spend, High health exp"
CZE,2006,23.478,1.457,346.049,,3543.16,8.17305645743275,3.0,"Low spend, High health exp"
CZE,2007,22.213,1.339,348.982,,3594.11,8.187329867739887,-1.0,Outliers
CZE,2008,20.906,1.332,370.216,,3844.55,8.254671914622957,-1.0,Outliers
CZE,2009,22.139,1.618,446.076,,4658.79,8.44672566172658,-1.0,Outliers
CZE,2010,20.418,1.418,392.131,,4107.34,8.320774332959518,0.0,"High spend, Low health exp"
CZE,2011,20.432,1.426,410.511,,4308.76,8.3686374970926,0.0,"High spend, Low health exp"
CZE,2012,21.496,1.511,438.857,,4612.73,8.436791919466213,-1.0,Outliers
CZE,2013,17.932,1.384,421.887,,4435.83,8.397695436468657,0.0,"High spend, Low health exp"
CZE,2014,17.109,1.293,418.414,,4403.95,8.390484187568061,0.0,"High spend, Low health exp"
CZE,2015,17.323,1.25,421.663,,4446.88,8.400182857149229,0.0,"High spend, Low health exp"
DNK,1980,6.301,0.53,52.401,,268.45,5.596382844379506,0.0,"High spend, Low health exp"
DNK,1981,6.149,0.527,56.595,,289.86,5.672842051749564,0.0,"High spend, Low health exp"
DNK,1982,6.189,0.534,63.14,,323.14,5.781175521229973,0.0,"High spend, Low health exp"
DNK,1983,6.407,0.539,68.08,,348.18,5.855587548556628,0.0,"High spend, Low health exp"
DNK,1984,6.631,0.528,71.996,,368.02,5.910850843113736,0.0,"High spend, Low health exp"
DNK,1985,6.864,0.546,79.733,,407.73,6.0130547913507595,0.0,"High spend, Low health exp"
DNK,1986,7.276,0.563,87.9,,450.09,6.11166687613494,0.0,"High spend, Low health exp"
DNK,1987,6.888,0.555,88.986,,456.23,6.125186546565868,0.0,"High spend, Low health exp"
DNK,1988,7.33,0.6,99.611,,510.96,6.238246496987591,0.0,"High spend, Low health exp"
DNK,1989,7.023,0.566,98.15,,503.76,6.22408306878471,0.0,"High spend, Low health exp"
DNK,1990,7.621,0.613,111.578,,573.62,6.353708952761583,0.0,"High spend, Low health exp"
DNK,1991,8.145,0.647,123.085,,634.42,6.454286197575492,0.0,"High spend, Low health exp"
DNK,1992,8.123,0.646,127.847,,661.14,6.495477013940726,0.0,"High spend, Low health exp"
DNK,1993,8.692,0.72,145.443,,754.65,6.6275783060161295,0.0,"High spend, Low health exp"
DNK,1994,9.047,0.731,158.155,,823.38,6.714631588654096,0.0,"High spend, Low health exp"
DNK,1995,9.329,0.725,164.174,,859.18,6.757141669672459,0.0,"High spend, Low health exp"
DNK,1996,9.16,0.718,170.275,,896.17,6.7992453647263345,0.0,"High spend, Low health exp"
DNK,1997,9.295,0.72,179.425,,948.26,6.855682733689028,0.0,"High spend, Low health exp"
DNK,1998,10.367,0.783,201.887,,1070.85,6.977141406467145,0.0,"High spend, Low health exp"
DNK,1999,9.051,0.755,201.247,,1071.0,6.977281341630747,0.0,"High spend, Low health exp"
DNK,2000,9.068,0.735,210.487,,1123.92,7.025467200998895,0.0,"High spend, Low health exp"
DNK,2001,8.983,0.759,224.017,,1200.46,7.091292762903657,0.0,"High spend, Low health exp"
DNK,2002,9.409,0.819,250.898,,1348.81,7.207719120786827,0.0,"High spend, Low health exp"
DNK,2003,9.241,0.823,253.303,B,1365.45,7.21997141487067,0.0,"High spend, Low health exp"
DNK,2004,8.921,0.804,264.636,,1430.23,7.266289493405789,0.0,"High spend, Low health exp"
DNK,2005,8.58,0.78,266.357,,1443.5,7.2755185199062895,0.0,"High spend, Low health exp"
DNK,2006,8.718,0.799,298.291,,1621.89,7.3919637894937456,0.0,"High spend, Low health exp"
DNK,2007,8.886,0.829,322.787,,1762.88,7.475271207041897,0.0,"High spend, Low health exp"
DNK,2008,8.328,0.792,326.956,,1796.17,7.4939684844236965,0.0,"High spend, Low health exp"
DNK,2009,7.613,0.813,328.132,,1812.3,7.50290366865998,0.0,"High spend, Low health exp"
DNK,2010,7.696,0.798,344.01,,1908.46,7.5545757585540425,0.0,"High spend, Low health exp"
DNK,2011,7.819,0.797,354.029,B,1972.14,7.587381461437303,0.0,"High spend, Low health exp"
DNK,2012,7.395,0.759,340.25,,1902.53,7.55146533613965,0.0,"High spend, Low health exp"
DNK,2013,6.896,0.704,329.056,,1847.63,7.522200103196238,0.0,"High spend, Low health exp"
DNK,2014,6.757,0.693,331.484,,1870.72,7.534613073200861,0.0,"High spend, Low health exp"
DNK,2015,6.758,0.698,341.823,,1942.75,7.572374375927544,0.0,"High spend, Low health exp"
FIN,1970,13.822,0.689,23.396,,107.77,4.689235561105759,0.0,"High spend, Low health exp"
FIN,1971,14.426,0.763,27.808,,128.25,4.861748513388538,0.0,"High spend, Low health exp"
FIN,1972,14.398,0.775,31.569,,146.47,4.993624765262849,0.0,"High spend, Low health exp"
FIN,1973,13.736,0.718,32.836,,153.22,5.038380154404814,0.0,"High spend, Low health exp"
FIN,1974,13.361,0.691,35.324,,165.69,5.116135799954996,0.0,"High spend, Low health exp"
FIN,1975,12.871,0.727,41.194,,194.08,5.273409730841852,0.0,"High spend, Low health exp"
FIN,1976,12.746,0.763,45.628,,215.62,5.378144666407591,0.0,"High spend, Low health exp"
FIN,1977,12.686,0.785,49.848,,236.22,5.4689879806011295,0.0,"High spend, Low health exp"
FIN,1978,12.685,0.778,54.215,,257.66,5.5555144579870985,0.0,"High spend, Low health exp"
FIN,1979,11.983,0.717,57.822,,275.5,5.6222108209623896,0.0,"High spend, Low health exp"
FIN,1980,11.217,0.663,61.236,,292.68,5.682490739188579,0.0,"High spend, Low health exp"
FIN,1981,10.899,0.658,66.995,,321.57,5.776320166946524,0.0,"High spend, Low health exp"
FIN,1982,10.391,0.637,70.618,,340.87,5.8344305478407765,0.0,"High spend, Low health exp"
FIN,1983,10.642,0.662,78.166,,379.56,5.9416438521240265,0.0,"High spend, Low health exp"
FIN,1984,10.57,0.662,83.116,,405.76,6.008223330922936,0.0,"High spend, Low health exp"
FIN,1985,10.174,0.677,90.468,,443.49,6.096927557513042,0.0,"High spend, Low health exp"
FIN,1986,10.079,0.681,95.015,,467.3,6.149109116189496,0.0,"High spend, Low health exp"
FIN,1987,10.069,0.694,102.609,,506.08,6.2286687820705255,0.0,"High spend, Low health exp"
FIN,1988,9.968,0.668,107.207,,530.3,6.275326833456898,0.0,"High spend, Low health exp"
FIN,1989,9.812,0.661,115.48,,573.29,6.353134495216475,0.0,"High spend, Low health exp"
FIN,1990,9.864,0.715,129.76,,647.04,6.473952422842217,0.0,"High spend, Low health exp"
FIN,1991,10.343,0.86,150.883,,756.49,6.630010335976254,0.0,"High spend, Low health exp"
FIN,1992,11.166,0.951,164.015,,826.96,6.71896484403959,0.0,"High spend, Low health exp"
FIN,1993,12.652,0.991,172.839,B,875.68,6.776142045513518,0.0,"High spend, Low health exp"
FIN,1994,13.733,1.0,184.471,,938.65,6.84550746550261,0.0,"High spend, Low health exp"
FIN,1995,14.321,1.053,205.851,,1051.44,6.958866556805678,0.0,"High spend, Low health exp"
FIN,1996,14.875,1.112,223.071,,1143.14,7.0424085420745905,0.0,"High spend, Low health exp"
FIN,1997,15.244,1.087,236.623,,1216.2,7.104308418022816,0.0,"High spend, Low health exp"
FIN,1998,14.646,0.999,235.186,,1212.03,7.100876640707467,0.0,"High spend, Low health exp"
FIN,1999,15.566,1.058,262.083,,1353.78,7.21139435850811,0.0,"High spend, Low health exp"
FIN,2000,15.619,1.068,285.448,B,1477.54,7.298810393373642,0.0,"High spend, Low health exp"
FIN,2001,16.076,1.123,312.574,,1621.64,7.391809731450532,0.0,"High spend, Low health exp"
FIN,2002,16.247,1.196,341.56,,1776.32,7.482861890726881,0.0,"High spend, Low health exp"
FIN,2003,16.126,1.236,358.157,,1867.08,7.53266644442422,0.0,"High spend, Low health exp"
FIN,2004,16.223,1.264,393.582,,2057.71,7.629834852037769,0.0,"High spend, Low health exp"
FIN,2005,16.109,1.288,412.21,,2162.49,7.679477937514206,0.0,"High spend, Low health exp"
FIN,2006,14.67,1.174,403.756,,2126.29,7.662604148172577,0.0,"High spend, Low health exp"
FIN,2007,14.676,1.149,432.867,,2289.31,7.736442458565473,0.0,"High spend, Low health exp"
FIN,2008,14.585,1.179,471.269,,2504.04,7.826059981455349,0.0,"High spend, Low health exp"
FIN,2009,14.059,1.247,472.342,,2521.77,7.833112783169718,0.0,"High spend, Low health exp"
FIN,2010,13.512,1.198,465.105,,2494.52,7.822252403303516,0.0,"High spend, Low health exp"
FIN,2011,12.919,1.156,470.342,,2534.33,7.838079085067719,0.0,"High spend, Low health exp"
FIN,2012,12.622,1.173,476.358,,2578.99,7.855540801939159,0.0,"High spend, Low health exp"
FIN,2013,12.471,1.184,488.809,,2658.62,7.885938534427834,0.0,"High spend, Low health exp"
FIN,2014,12.327,1.169,485.113,,2649.45,7.882484715884712,0.0,"High spend, Low health exp"
FIN,2015,12.546,1.185,501.003,,2745.26,7.9179952650212755,0.0,"High spend, Low health exp"
FRA,1970,24.413,1.266,47.192,,2455.64,7.806549841639534,-1.0,Outliers
FRA,1975,20.741,1.273,75.78,,4111.26,8.32172803470808,0.0,"High spend, Low health exp"
FRA,1980,16.389,1.104,107.277,,5936.79,8.689092289255424,0.0,"High spend, Low health exp"
FRA,1985,16.577,1.267,167.728,,9526.23,9.161909293327827,0.0,"High spend, Low health exp"
FRA,1990,17.282,1.375,244.051,,14280.11,9.566692963965108,0.0,"High spend, Low health exp"
FRA,1991,17.702,1.448,266.943,,15632.0,9.657139343577324,0.0,"High spend, Low health exp"
FRA,1992,17.619,1.48,282.21,,16608.4,9.717724079137316,0.0,"High spend, Low health exp"
FRA,1993,18.002,1.586,306.279,,18103.16,9.803897025100214,0.0,"High spend, Low health exp"
FRA,1994,17.898,1.574,316.56,,18780.62,9.840634011022734,0.0,"High spend, Low health exp"
FRA,1995,15.393,1.513,316.071,B,18819.47,9.842700386260057,0.0,"High spend, Low health exp"
FRA,1996,15.224,1.497,321.77,,19226.75,9.864109827057057,0.0,"High spend, Low health exp"
FRA,1997,15.462,1.501,336.182,,20159.1,9.911460682490462,0.0,"High spend, Low health exp"
FRA,1998,15.872,1.525,358.556,,21580.16,9.9795759908429,0.0,"High spend, Low health exp"
FRA,1999,16.395,1.576,385.896,,23345.44,10.058199788946684,0.0,"High spend, Low health exp"
FRA,2000,16.899,1.612,423.358,,25787.79,10.157695180364886,0.0,"High spend, Low health exp"
FRA,2001,17.333,1.675,464.882,,28523.97,10.258535123020696,0.0,"High spend, Low health exp"
FRA,2002,17.188,1.716,492.632,,30447.25,10.323783800222138,0.0,"High spend, Low health exp"
FRA,2003,17.559,1.763,499.545,B,31094.12,10.344806172671884,0.0,"High spend, Low health exp"
FRA,2004,17.63,1.785,522.087,,32737.41,10.396304285298676,0.0,"High spend, Low health exp"
FRA,2005,17.568,1.788,548.873,,34677.44,10.453873447183764,0.0,"High spend, Low health exp"
FRA,2006,17.322,1.74,567.916,B,36131.6,10.49495078391067,0.0,"High spend, Low health exp"
FRA,2007,17.21,1.714,587.233,,37592.44,10.534584846071553,0.0,"High spend, Low health exp"
FRA,2008,17.044,1.722,607.178,,39087.08,10.573572840159365,0.0,"High spend, Low health exp"
FRA,2009,16.623,1.796,626.498,,40538.83,10.610040226607953,0.0,"High spend, Low health exp"
FRA,2010,16.358,1.752,633.393,,41187.97,10.625925781048036,0.0,"High spend, Low health exp"
FRA,2011,16.072,1.724,647.845,,42331.99,10.65332196650351,0.0,"High spend, Low health exp"
FRA,2012,15.572,1.686,636.86,,41816.09,10.641060386630418,0.0,"High spend, Low health exp"
FRA,2013,14.995,1.639,649.403,,42859.67,10.665709901196566,0.0,"High spend, Low health exp"
FRA,2014,15.009,1.666,670.042,,44445.2,10.702034747973794,0.0,"High spend, Low health exp"
FRA,2015,14.738,1.631,667.551,,44474.96,10.702704097461282,0.0,"High spend, Low health exp"
DEU,1970,17.002,0.971,44.789,,3501.12,8.161123778392364,0.0,"High spend, Low health exp"
DEU,1971,16.225,1.004,50.027,,3917.76,8.273530556212105,0.0,"High spend, Low health exp"
DEU,1972,15.851,1.032,55.594,,4374.61,8.383801217643883,0.0,"High spend, Low health exp"
DEU,1973,15.289,1.044,61.847,,4882.0,8.49351506406166,0.0,"High spend, Low health exp"
DEU,1974,14.881,1.094,71.174,,5620.43,8.63434135891981,0.0,"High spend, Low health exp"
DEU,1975,14.332,1.149,81.25,,6392.23,8.762994896969255,0.0,"High spend, Low health exp"
DEU,1976,14.234,1.144,89.973,,7048.21,8.8606708327899,0.0,"High spend, Low health exp"
DEU,1977,13.85,1.104,95.521,,7465.9,8.91823519868675,0.0,"High spend, Low health exp"
DEU,1978,13.955,1.123,107.207,,8371.99,9.032766327888659,0.0,"High spend, Low health exp"
DEU,1979,13.881,1.096,117.938,,9214.07,9.128595466385436,0.0,"High spend, Low health exp"
DEU,1980,13.895,1.125,133.445,,10447.22,9.254186907956086,0.0,"High spend, Low health exp"
DEU,1981,13.98,1.174,152.687,,11971.87,9.390398535894597,0.0,"High spend, Low health exp"
DEU,1982,13.99,1.151,158.52,,12417.41,9.426935327968625,0.0,"High spend, Low health exp"
DEU,1983,14.21,1.168,170.399,,13312.98,9.496569889981362,0.0,"High spend, Low health exp"
DEU,1984,14.27,1.19,185.523,,14444.58,9.578143764396088,0.0,"High spend, Low health exp"
DEU,1985,14.302,1.213,200.236,,15555.31,9.652221623079136,0.0,"High spend, Low health exp"
DEU,1986,14.357,1.203,206.996,,16087.82,9.685879899820412,0.0,"High spend, Low health exp"
DEU,1987,14.592,1.237,221.093,,17209.86,9.753295858904202,0.0,"High spend, Low health exp"
DEU,1988,14.634,1.267,241.921,,18904.82,9.847225090152955,0.0,"High spend, Low health exp"
DEU,1989,14.819,1.195,243.328,,19162.39,9.860756966980862,0.0,"High spend, Low health exp"
DEU,1990,14.709,1.181,258.39,,20524.7,9.92943303848938,0.0,"High spend, Low health exp"
DEU,1992,15.365,1.388,301.102,B,24276.23,10.097294152997954,0.0,"High spend, Low health exp"
DEU,1993,13.771,1.239,271.19,,22008.79,9.999242633357317,0.0,"High spend, Low health exp"
DEU,1994,13.388,1.236,282.377,,22996.32,10.043132966382972,0.0,"High spend, Low health exp"
DEU,1995,13.176,1.253,296.636,,24228.65,10.09533236880323,0.0,"High spend, Low health exp"
DEU,1996,13.456,1.318,319.619,,26181.54,10.172848055384128,0.0,"High spend, Low health exp"
DEU,1997,13.439,1.301,322.366,,26445.22,10.182868515920555,0.0,"High spend, Low health exp"
DEU,1998,13.956,1.354,345.877,,28378.24,10.25341317093333,0.0,"High spend, Low health exp"
DEU,1999,13.996,1.367,363.37,,29832.77,10.303396252359228,0.0,"High spend, Low health exp"
DEU,2000,14.082,1.386,381.455,,31359.99,10.353320042843608,0.0,"High spend, Low health exp"
DEU,2001,14.692,1.451,418.329,,34449.36,10.447274726314635,0.0,"High spend, Low health exp"
DEU,2002,14.916,1.51,447.719,,36931.67,10.516851804177113,0.0,"High spend, Low health exp"
DEU,2003,14.936,1.547,469.542,,38753.26,10.564995964222902,0.0,"High spend, Low health exp"
DEU,2004,14.348,1.454,462.927,,38199.0,10.550590794594667,0.0,"High spend, Low health exp"
DEU,2005,15.387,1.581,512.48,,42263.93,10.65171294314493,0.0,"High spend, Low health exp"
DEU,2006,14.983,1.518,527.646,,43465.6,10.679748106063073,0.0,"High spend, Low health exp"
DEU,2007,15.321,1.53,566.139,,46574.2,10.74882348960979,0.0,"High spend, Low health exp"
DEU,2008,15.339,1.562,603.742,,49573.31,10.811228034985538,0.0,"High spend, Low health exp"
DEU,2009,15.207,1.698,640.783,,52481.61,10.868237155613022,0.0,"High spend, Low health exp"
DEU,2010,14.968,1.652,660.571,,54019.47,10.89711832779006,0.0,"High spend, Low health exp"
DEU,2011,14.255,1.532,654.053,,52504.09,10.86866539626109,0.0,"High spend, Low health exp"
DEU,2012,14.102,1.524,663.777,,53384.81,10.885300259298646,0.0,"High spend, Low health exp"
DEU,2013,13.995,1.535,694.318,,55993.7,10.933012322381225,0.0,"High spend, Low health exp"
DEU,2014,14.359,1.587,746.704,,60469.96,11.009918528782055,0.0,"High spend, Low health exp"
DEU,2015,14.31,1.596,765.97,,62569.49,11.04404904019077,0.0,"High spend, Low health exp"
GRC,1988,15.393,0.844,101.924,,1023.01,6.93148157117677,0.0,"High spend, Low health exp"
GRC,1989,14.147,0.851,110.191,,1111.77,7.014607681223546,0.0,"High spend, Low health exp"
GRC,1990,14.942,0.907,120.531,,1229.03,7.114793838312928,0.0,"High spend, Low health exp"
GRC,1991,17.082,1.012,141.532,,1460.6,7.287287005063797,0.0,"High spend, Low health exp"
GRC,1992,17.802,1.154,164.945,,1715.27,7.447908610328192,0.0,"High spend, Low health exp"
GRC,1993,17.283,1.257,179.964,,1882.5,7.540887027132095,0.0,"High spend, Low health exp"
GRC,1994,16.73,1.335,198.096,,2082.57,7.641838047610346,0.0,"High spend, Low health exp"
GRC,1995,16.305,1.3,200.21,,2114.65,7.657117372869817,0.0,"High spend, Low health exp"
GRC,1996,16.693,1.315,212.121,,2250.35,7.719285315270433,0.0,"High spend, Low health exp"
GRC,1997,16.871,1.298,222.511,,2372.25,7.772015602761908,0.0,"High spend, Low health exp"
GRC,1998,14.475,1.097,197.608,,2118.46,7.658916618239046,0.0,"High spend, Low health exp"
GRC,1999,15.079,1.171,216.13,,2325.93,7.752305081199636,0.0,"High spend, Low health exp"
GRC,2000,19.871,1.439,280.723,,3033.44,8.0177821724655,0.0,"High spend, Low health exp"
GRC,2001,19.075,1.524,320.158,,3477.6,8.154385192974052,0.0,"High spend, Low health exp"
GRC,2002,19.949,1.643,371.489,,4049.98,8.306714106137923,-1.0,Outliers
GRC,2003,21.388,1.753,418.525,,4573.67,8.428289843960505,-1.0,Outliers
GRC,2004,23.038,1.827,465.174,,5096.05,8.536417219983903,-1.0,Outliers
GRC,2005,22.338,2.01,514.01,,5647.59,8.639161235473702,-1.0,Outliers
GRC,2006,23.613,2.117,604.089,,6657.28,8.803616471921769,-1.0,Outliers
GRC,2007,25.798,2.337,684.401,,7561.59,8.930969003094729,-1.0,Outliers
GRC,2009,27.171,2.573,782.011,B,8685.81,9.069561062258327,-1.0,Outliers
GRC,2010,28.633,2.737,771.997,,8585.64,9.057962785955295,-1.0,Outliers
GRC,2011,30.742,2.797,731.159,,8119.45,9.002140850339375,-1.0,Outliers
GRC,2012,29.055,2.55,644.747,,7121.24,8.870977561669271,-1.0,Outliers
GRC,2013,27.742,2.312,603.509,,6617.6,8.797639146203391,-1.0,Outliers
GRC,2014,26.701,2.12,560.435,,6104.49,8.716943645404239,-1.0,Outliers
GRC,2015,25.878,2.17,571.913,,6188.6,8.730625743235246,-1.0,Outliers
HUN,1991,30.084,1.918,158.865,,1647.97,7.407906129549959,-1.0,Outliers
HUN,1992,28.857,1.981,162.754,,1687.65,7.431684672125105,-1.0,Outliers
HUN,1993,30.694,2.127,178.094,,1844.61,7.520565125137019,-1.0,Outliers
HUN,1994,30.348,2.248,198.12,,2049.23,7.625707260961003,-1.0,Outliers
HUN,1995,26.713,1.802,164.765,,1701.85,7.440058596924358,3.0,"Low spend, High health exp"
HUN,1996,27.273,1.816,169.22,,1744.87,7.465008277728371,3.0,"Low spend, High health exp"
HUN,1997,27.639,1.747,171.035,,1760.03,7.473654144126226,3.0,"Low spend, High health exp"
HUN,2001,29.674,2.028,268.268,,2733.0,7.913521017283895,-1.0,Outliers
HUN,2002,28.947,2.063,299.439,,3041.88,8.02055971435108,-1.0,Outliers
HUN,2003,27.593,2.247,346.433,B,3509.21,8.163431143730055,-1.0,Outliers
HUN,2004,29.108,2.267,367.309,,3712.45,8.219716642632008,-1.0,Outliers
HUN,2005,31.27,2.511,427.151,,4308.7,8.368623575106769,-1.0,Outliers
HUN,2006,31.981,2.507,457.09,,4603.52,8.434793708728924,-1.0,Outliers
HUN,2007,31.617,2.294,434.32,,4367.43,8.382158955802968,-1.0,Outliers
HUN,2008,31.912,2.277,468.726,,4705.16,8.456627567859371,-1.0,Outliers
HUN,2009,32.863,2.394,492.437,,4935.52,8.504415908496757,-1.0,Outliers
HUN,2010,33.273,2.515,539.855,B,5398.56,8.594072747751088,-1.0,Outliers
HUN,2011,35.001,2.653,603.042,,6013.37,8.701906884768743,-1.0,Outliers
HUN,2012,32.579,2.443,561.746,,5572.72,8.625817973554472,-1.0,Outliers
HUN,2013,30.293,2.208,537.976,,5322.24,8.579837419513106,-1.0,Outliers
HUN,2014,30.173,2.155,549.292,,5419.57,8.597956254955792,-1.0,Outliers
HUN,2015,29.215,2.114,558.878,,5501.05,8.612876029047735,-1.0,Outliers
ISL,1970,17.13,0.792,30.757,,6.29,1.986503546020567,-1.0,Outliers
ISL,1971,17.31,0.874,40.03,,8.25,2.224623551524334,-1.0,Outliers
ISL,1972,17.838,0.883,44.143,,9.23,2.325324579963535,-1.0,Outliers
ISL,1973,16.597,0.753,41.747,,8.86,2.288486168614544,-1.0,Outliers
ISL,1974,13.78,0.714,44.978,,9.68,2.3683728335320486,-1.0,Outliers
ISL,1975,16.23,0.908,62.126,,13.54,2.6769034721053733,-1.0,Outliers
ISL,1976,14.845,0.779,59.009,,12.99,2.63834278867739,-1.0,Outliers
ISL,1977,14.553,0.757,65.7,,14.57,2.745345985845907,-1.0,Outliers
ISL,1978,14.505,0.811,79.316,,17.73,2.930126516455997,-1.0,Outliers
ISL,1979,13.522,0.855,93.934,,21.2,3.100092288878234,-1.0,Outliers
ISL,1980,16.628,0.973,122.026,B,27.84,3.3617633124167483,-1.0,Outliers
ISL,1981,15.576,0.932,131.624,,30.37,3.445852022202587,-1.0,Outliers
ISL,1982,16.104,1.009,152.618,,35.69,3.6025042383671906,-1.0,Outliers
ISL,1983,18.211,1.251,189.941,,45.01,3.8288587641673772,-1.0,Outliers
ISL,1984,17.058,1.105,178.928,,42.86,3.781002742989742,4.0,"Low spend, Low health exp"
ISL,1985,17.414,1.168,200.058,,48.3,3.8979240810486444,4.0,"Low spend, Low health exp"
ISL,1986,16.508,1.182,217.823,,52.97,3.9884283366305513,4.0,"Low spend, Low health exp"
ISL,1987,15.35,1.125,228.429,,56.16,4.045854353061666,4.0,"Low spend, Low health exp"
ISL,1988,14.692,1.162,240.078,,59.96,4.110217911378391,4.0,"Low spend, Low health exp"
ISL,1989,15.347,1.187,252.262,,63.78,4.170996913743183,4.0,"Low spend, Low health exp"
ISL,1990,13.98,1.032,228.449,,58.21,4.081090446543684,4.0,"Low spend, Low health exp"
ISL,1991,12.775,0.966,217.79,,56.15,4.04567939024082,4.0,"Low spend, Low health exp"
ISL,1992,13.313,1.033,227.372,,59.36,4.100326633899648,4.0,"Low spend, Low health exp"
ISL,1993,12.78,1.003,226.653,,59.77,4.107096246147264,4.0,"Low spend, Low health exp"
ISL,1994,13.419,1.03,244.128,,64.94,4.188745237643585,4.0,"Low spend, Low health exp"
ISL,1995,13.794,1.076,259.171,,69.32,4.253056253376921,4.0,"Low spend, Low health exp"
ISL,1996,14.277,1.118,279.501,,75.16,4.33283639048311,4.0,"Low spend, Low health exp"
ISL,1997,15.489,1.198,322.933,,87.56,4.4836802884003815,4.0,"Low spend, Low health exp"
ISL,1998,14.498,1.232,352.048,,96.48,4.579647228757006,4.0,"Low spend, Low health exp"
ISL,1999,14.402,1.282,376.679,,104.48,4.658521361485086,5.0,"Low spend, Low health exp"
ISL,2000,14.832,1.336,394.133,,110.83,4.716979861040097,5.0,"Low spend, Low health exp"
ISL,2001,14.384,1.277,403.914,,115.1,4.754451888703846,5.0,"Low spend, Low health exp"
ISL,2002,14.366,1.377,443.416,,127.49,4.855851080295389,5.0,"Low spend, Low health exp"
ISL,2003,15.241,1.536,496.023,,143.61,4.974040463626701,5.0,"Low spend, Low health exp"
ISL,2004,15.39,1.471,519.038,D,151.6,5.027820118850356,5.0,"Low spend, Low health exp"
ISL,2005,14.433,1.33,491.556,D,145.86,4.989479752023464,5.0,"Low spend, Low health exp"
ISL,2006,14.218,1.268,491.067,D,149.18,5.011834574671738,5.0,"Low spend, Low health exp"
ISL,2007,13.505,1.178,479.64,D,149.44,5.013564333602136,5.0,"Low spend, Low health exp"
ISL,2008,14.572,1.27,542.052,D,172.05,5.1535805700813535,5.0,"Low spend, Low health exp"
ISL,2009,15.665,1.419,582.697,D,185.59,5.228913696409157,5.0,"Low spend, Low health exp"
ISL,2010,15.813,1.393,535.019,D,170.16,5.142598791548616,5.0,"Low spend, Low health exp"
ISL,2011,15.148,1.309,516.634,,164.81,5.110842554513281,5.0,"Low spend, Low health exp"
ISL,2012,14.454,1.256,508.582,D,163.11,5.100536934691537,5.0,"Low spend, Low health exp"
ISL,2013,13.531,1.177,501.667,D,162.42,5.096323573956561,5.0,"Low spend, Low health exp"
ISL,2014,12.581,1.105,489.466,D,160.24,5.082893938248965,5.0,"Low spend, Low health exp"
ISL,2015,12.126,1.044,497.84,D,164.69,5.1101185725812055,5.0,"Low spend, Low health exp"
IRL,1975,14.749,0.973,38.758,,123.62,4.825269107116076,0.0,"High spend, Low health exp"
IRL,1976,14.869,0.957,40.184,,130.12,4.876112934435574,0.0,"High spend, Low health exp"
IRL,1977,14.717,0.903,42.979,,141.07,4.956319893883986,0.0,"High spend, Low health exp"
IRL,1978,14.189,0.917,49.346,,164.28,5.107641005371328,0.0,"High spend, Low health exp"
IRL,1979,13.191,0.897,53.145,,179.3,5.194622130209272,0.0,"High spend, Low health exp"
IRL,1980,11.707,0.878,57.809,,197.29,5.289730605610714,0.0,"High spend, Low health exp"
IRL,1981,10.527,0.747,54.904,,189.58,5.250072053920042,0.0,"High spend, Low health exp"
IRL,1982,10.546,0.733,57.985,,202.12,5.313796937396423,0.0,"High spend, Low health exp"
IRL,1983,10.115,0.705,57.469,,201.75,5.311973692995522,0.0,"High spend, Low health exp"
IRL,1984,10.509,0.716,62.663,,221.35,5.404252716956705,0.0,"High spend, Low health exp"
IRL,1985,10.539,0.72,66.917,,236.76,5.471261761529394,0.0,"High spend, Low health exp"
IRL,1986,11.044,0.744,70.226,,248.58,5.5197795050797085,0.0,"High spend, Low health exp"
IRL,1987,11.546,0.744,75.344,,266.72,5.5899416582324415,0.0,"High spend, Low health exp"
IRL,1988,12.019,0.737,81.637,,287.77,5.665630523506622,0.0,"High spend, Low health exp"
IRL,1989,12.994,0.748,91.424,,320.99,5.774520489161543,0.0,"High spend, Low health exp"
IRL,1990,12.777,0.717,98.423,,345.86,5.84892124032244,0.0,"High spend, Low health exp"
IRL,1991,11.995,0.727,104.543,,369.48,5.914799462172496,0.0,"High spend, Low health exp"
IRL,1992,11.891,0.752,113.484,,403.82,6.003442523867389,0.0,"High spend, Low health exp"
IRL,1993,11.968,0.762,120.429,,430.69,6.067707738058715,0.0,"High spend, Low health exp"
IRL,1994,12.097,0.758,128.871,,462.7,6.139237791397415,0.0,"High spend, Low health exp"
IRL,1995,12.044,0.735,139.028,,501.73,6.220053246658087,0.0,"High spend, Low health exp"
IRL,1996,12.882,0.763,156.317,,568.6,6.344934360097766,0.0,"High spend, Low health exp"
IRL,1997,12.558,0.734,165.977,,609.83,6.414818688051886,0.0,"High spend, Low health exp"
IRL,1998,13.213,0.745,186.457,,692.26,6.541405109202525,0.0,"High spend, Low health exp"
IRL,1999,13.97,0.78,210.83,,791.62,6.675343913847011,0.0,"High spend, Low health exp"
IRL,2000,14.176,0.837,252.441,,960.58,6.868577764895763,0.0,"High spend, Low health exp"
IRL,2001,14.435,0.924,301.335,,1165.03,7.061360095567446,0.0,"High spend, Low health exp"
IRL,2002,14.779,0.987,347.346,,1365.75,7.220190937775109,0.0,"High spend, Low health exp"
IRL,2003,15.088,1.057,383.182,,1531.39,7.334583887093899,0.0,"High spend, Low health exp"
IRL,2004,15.655,1.131,437.694,,1781.53,7.4857889824413535,0.0,"High spend, Low health exp"
IRL,2005,15.473,1.183,478.511,,1990.56,7.596673530212047,0.0,"High spend, Low health exp"
IRL,2006,16.465,1.237,547.146,,2338.28,7.757598468697064,0.0,"High spend, Low health exp"
IRL,2007,16.356,1.276,596.486,,2623.91,7.87280188872367,-1.0,Outliers
IRL,2008,15.953,1.453,643.036,,2886.94,7.968298724173632,1.0,"High spend, High health exp"
IRL,2009,15.135,1.591,661.276,,2999.13,8.006410900044719,1.0,"High spend, High health exp"
IRL,2010,14.815,1.562,674.956,,3077.9,8.032327669319779,1.0,"High spend, High health exp"
IRL,2011,14.415,1.432,651.311,,2980.92,8.000322667332355,1.0,"High spend, High health exp"
IRL,2012,14.091,1.418,659.933,,3027.04,8.015670824509717,1.0,"High spend, High health exp"
IRL,2013,14.513,1.512,730.484,B,3358.98,8.119690300558583,1.0,"High spend, High health exp"
IRL,2014,14.064,1.394,714.747,,3300.15,8.102026171596314,1.0,"High spend, High health exp"
IRL,2015,12.97,1.007,684.269,,3200.21,8.071284142316577,-1.0,Outliers
ITA,1988,23.07,1.539,251.631,,14249.68,9.564559903856512,0.0,"High spend, Low health exp"
ITA,1989,23.294,1.551,272.149,,15423.17,9.64369103857382,0.0,"High spend, Low health exp"
ITA,1990,21.43,1.503,278.813,,15814.06,9.668717929599135,0.0,"High spend, Low health exp"
ITA,1991,20.922,1.517,294.948,,16740.81,9.725664462451746,0.0,"High spend, Low health exp"
ITA,1992,21.474,1.529,306.334,,17398.88,9.764218588627115,0.0,"High spend, Low health exp"
ITA,1993,20.351,1.442,293.246,,16665.7,9.721167995740174,0.0,"High spend, Low health exp"
ITA,1994,20.117,1.395,295.781,,16813.2,9.729979046474028,0.0,"High spend, Low health exp"
ITA,1995,19.534,1.342,298.92,B,16991.9,9.740550888740707,0.0,"High spend, Low health exp"
ITA,1996,19.968,1.39,319.386,,18160.38,9.807052640457528,0.0,"High spend, Low health exp"
ITA,1997,20.183,1.458,347.054,,19744.03,9.890657093091589,0.0,"High spend, Low health exp"
ITA,1998,20.643,1.5,373.922,,21278.68,9.96550790574853,0.0,"High spend, Low health exp"
ITA,1999,21.177,1.554,396.645,,22575.57,10.024667921824896,0.0,"High spend, Low health exp"
ITA,2000,21.158,1.604,433.143,,24664.08,10.113143757124975,0.0,"High spend, Low health exp"
ITA,2001,21.92,1.703,476.761,,27163.03,10.209648950635959,0.0,"High spend, Low health exp"
ITA,2002,21.865,1.726,494.302,,28204.38,10.247268018871832,0.0,"High spend, Low health exp"
ITA,2003,21.375,1.679,488.266,,27984.09,10.239427147328865,0.0,"High spend, Low health exp"
ITA,2004,20.996,1.719,506.591,,29222.87,10.282741120066648,0.0,"High spend, Low health exp"
ITA,2005,20.37,1.703,511.842,,29671.22,10.297966533539352,0.0,"High spend, Low health exp"
ITA,2006,20.124,1.702,550.732,,32021.75,10.374201866685512,0.0,"High spend, Low health exp"
ITA,2007,20.002,1.633,554.861,,32425.14,10.38672016662367,0.0,"High spend, Low health exp"
ITA,2008,19.185,1.643,581.535,,34209.8,10.44029666267338,0.0,"High spend, Low health exp"
ITA,2009,18.964,1.702,588.13,,34755.76,10.45612936444807,0.0,"High spend, Low health exp"
ITA,2010,18.75,1.679,588.861,,34906.16,10.460447244741701,0.0,"High spend, Low health exp"
ITA,2011,18.544,1.638,595.488,,35359.75,10.473357726933882,0.0,"High spend, Low health exp"
ITA,2012,16.571,1.484,537.784,B,32019.51,10.374131913969148,0.0,"High spend, Low health exp"
ITA,2013,16.98,1.52,549.218,,33081.57,10.40676183656728,0.0,"High spend, Low health exp"
ITA,2014,16.944,1.527,554.181,,33688.19,10.424932293368913,0.0,"High spend, Low health exp"
ITA,2015,17.932,1.613,601.018,,36500.17,10.505099593851359,0.0,"High spend, Low health exp"
ITA,2016,17.831,1.594,604.675,P,36643.66,10.509022994107056,0.0,"High spend, Low health exp"
JPN,1980,21.181,1.33,115.359,,13471.85,9.508431828316004,-1.0,Outliers
JPN,1984,19.458,1.247,152.536,,18307.07,9.815097225231375,-1.0,Outliers
JPN,1985,17.973,1.163,155.171,,18737.52,9.838336577220113,-1.0,Outliers
JPN,1986,18.892,1.214,169.011,,20533.48,9.92986070345012,-1.0,Outliers
JPN,1987,20.271,1.305,192.985,,23561.73,10.067421505415934,0.0,"High spend, Low health exp"
JPN,1988,20.631,1.268,207.202,,25405.66,10.142766623361386,0.0,"High spend, Low health exp"
JPN,1989,22.319,1.317,234.663,,28890.77,10.271312058457895,0.0,"High spend, Low health exp"
JPN,1990,21.422,1.23,239.226,,29553.26,10.293983174880386,0.0,"High spend, Low health exp"
JPN,1991,22.868,1.323,273.505,,33893.01,10.430993581590743,0.0,"High spend, Low health exp"
JPN,1992,22.009,1.33,282.452,,35088.73,10.465663774047801,0.0,"High spend, Low health exp"
JPN,1993,22.255,1.405,305.192,,38007.39,10.545562203811798,0.0,"High spend, Low health exp"
JPN,1994,21.057,1.386,309.352,,38656.94,10.562507466293477,0.0,"High spend, Low health exp"
JPN,1995,21.039,1.322,309.164,,38781.22,10.565717173161246,0.0,"High spend, Low health exp"
JPN,1996,21.039,1.288,315.832,,39718.08,10.589586955755918,0.0,"High spend, Low health exp"
JPN,1997,19.496,1.248,313.426,,39509.54,10.584322750738005,0.0,"High spend, Low health exp"
JPN,1998,17.942,1.187,297.259,,37573.54,10.534081972363937,0.0,"High spend, Low health exp"
JPN,1999,18.152,1.266,320.554,,40592.07,10.611352641365514,0.0,"High spend, Low health exp"
JPN,2000,18.406,1.316,352.442,,44704.8,10.707858526099338,0.0,"High spend, Low health exp"
JPN,2001,18.859,1.388,380.919,,48433.47,10.787967029300358,0.0,"High spend, Low health exp"
JPN,2002,18.64,1.393,392.312,,49998.2,10.819762284282282,-1.0,Outliers
JPN,2003,19.527,1.486,429.378,,54839.3,10.912180604120806,-1.0,Outliers
JPN,2004,19.459,1.49,452.975,,57872.54,10.966015564288478,-1.0,Outliers
JPN,2005,19.794,1.54,487.681,,62312.46,11.039932732804175,0.0,"High spend, Low health exp"
JPN,2006,19.789,1.545,510.598,,65282.0,11.086486944464403,0.0,"High spend, Low health exp"
JPN,2007,19.972,1.576,544.008,,69633.57,11.15101641841248,0.0,"High spend, Low health exp"
JPN,2008,19.9,1.632,567.72,,72703.93,11.194164474152267,0.0,"High spend, Low health exp"
JPN,2009,20.982,1.901,629.162,,80562.31,11.296798613936662,-1.0,Outliers
JPN,2010,20.473,1.875,656.131,,84030.7,11.338949387587549,-1.0,Outliers
JPN,2011,18.911,2.008,718.256,,91816.82,11.427561675417248,-1.0,Outliers
JPN,2012,18.887,2.038,758.189,,96766.9,11.480070606699146,-1.0,Outliers
JPN,2013,18.854,2.035,793.169,,101085.42,11.523731073533478,-1.0,Outliers
JPN,2014,18.803,2.037,802.733,,102168.65,11.534389945916491,-1.0,Outliers
KOR,1970,21.38,0.551,3.336,,107.56,4.687303015526614,-1.0,Outliers
KOR,1971,20.492,0.459,3.16,,103.91,4.6531028397433944,-1.0,Outliers
KOR,1972,20.99,0.428,3.237,,108.46,4.695559185715772,-1.0,Outliers
KOR,1973,20.916,0.366,3.289,,112.17,4.72889111297785,-1.0,Outliers
KOR,1974,20.773,0.316,3.331,,115.56,4.758406161886949,-1.0,Outliers
KOR,1975,21.112,0.487,5.949,,209.89,5.351336670523673,-1.0,Outliers
KOR,1976,21.513,0.502,7.199,,258.07,5.557098295453378,-1.0,Outliers
KOR,1977,20.923,0.463,7.803,,284.12,5.652910144282444,-1.0,Outliers
KOR,1978,21.374,0.514,10.113,,373.87,5.926579299200965,-1.0,Outliers
KOR,1979,21.569,0.676,15.4,,578.03,6.361354289702226,2.0,"Low spend, High health exp"
KOR,1980,21.476,0.743,17.856,,680.74,6.52464835348464,2.0,"Low spend, High health exp"
KOR,1981,21.927,0.789,21.873,,846.99,6.742868843269541,2.0,"Low spend, High health exp"
KOR,1982,21.933,0.78,24.489,,963.06,6.871153533337576,2.0,"Low spend, High health exp"
KOR,1983,21.959,0.757,27.584,,1100.89,7.004782166218864,2.0,"Low spend, High health exp"
KOR,1984,21.69,0.711,29.258,,1182.2,7.07597791139659,2.0,"Low spend, High health exp"
KOR,1985,21.788,0.723,32.732,,1335.65,7.197921762726839,2.0,"Low spend, High health exp"
KOR,1986,21.817,0.696,35.443,,1460.74,7.287382785917278,2.0,"Low spend, High health exp"
KOR,1987,21.843,0.679,39.471,,1642.85,7.40479633057751,2.0,"Low spend, High health exp"
KOR,1988,21.54,0.699,46.594,,1958.4,7.580393582910542,2.0,"Low spend, High health exp"
KOR,1989,21.901,0.817,59.994,,2546.69,7.842942345240147,2.0,"Low spend, High health exp"
KOR,1990,21.635,0.796,65.887,,2824.53,7.946451236603339,2.0,"Low spend, High health exp"
KOR,1991,21.727,0.765,71.465,,3094.13,8.037585187467604,2.0,"Low spend, High health exp"
KOR,1992,21.187,0.772,77.531,,3391.82,8.12941671297913,2.0,"Low spend, High health exp"
KOR,1993,21.812,0.776,84.383,,3729.28,8.224238576844602,2.0,"Low spend, High health exp"
KOR,1994,22.391,0.769,92.316,,4121.13,8.324125299041397,2.0,"Low spend, High health exp"
KOR,1995,22.834,0.786,104.456,,4710.23,8.457704299414468,2.0,"Low spend, High health exp"
KOR,1996,23.041,0.835,120.499,,5485.68,8.610078615693656,2.0,"Low spend, High health exp"
KOR,1997,22.989,0.829,127.733,,5869.79,8.677744486390223,2.0,"Low spend, High health exp"
KOR,1998,22.373,0.837,122.339,,5662.64,8.641822074031543,2.0,"Low spend, High health exp"
KOR,1999,22.44,0.885,145.054,,6761.94,8.819212985733131,2.0,"Low spend, High health exp"
KOR,2000,24.454,0.978,176.815,,8311.74,9.025544556727768,-1.0,Outliers
KOR,2001,26.752,1.211,232.254,,11001.91,9.305915062249074,-1.0,Outliers
KOR,2002,27.015,1.182,245.612,,11702.12,9.367610751903278,-1.0,Outliers
KOR,2003,29.38,1.397,298.593,,14300.31,9.568106420443815,-1.0,Outliers
KOR,2004,29.254,1.397,320.678,,15419.01,9.64342129562554,-1.0,Outliers
KOR,2005,28.402,1.443,349.272,,16829.52,9.73094918391491,-1.0,Outliers
KOR,2006,28.304,1.556,401.881,,19466.43,9.876498091708193,-1.0,Outliers
KOR,2007,27.062,1.532,426.283,,20753.01,9.940494759999934,-1.0,Outliers
KOR,2008,26.569,1.546,442.9,,21726.33,9.986326194095067,-1.0,Outliers
KOR,2009,26.122,1.662,470.691,,23208.75,10.052327727991171,0.0,"High spend, Low health exp"
KOR,2010,26.205,1.705,517.801,,25659.17,10.152695263245109,0.0,"High spend, Low health exp"
KOR,2011,25.755,1.689,527.496,,26341.38,10.178934328087013,0.0,"High spend, Low health exp"
KOR,2012,24.809,1.669,535.718,,26892.96,10.199657005062118,0.0,"High spend, Low health exp"
KOR,2013,23.622,1.631,531.999,,26828.12,10.197243143776289,0.0,"High spend, Low health exp"
KOR,2014,22.87,1.629,548.01,,27809.68,10.233175398565177,0.0,"High spend, Low health exp"
KOR,2015,21.427,1.584,543.152,,27708.87,10.229543946398888,0.0,"High spend, Low health exp"
KOR,2016,20.235,1.553,552.176,P,28296.65,10.250534041314154,0.0,"High spend, Low health exp"
LUX,1995,12.038,0.642,267.785,,109.42,4.704291276855899,-1.0,Outliers
LUX,1996,11.524,0.616,268.172,,111.08,4.719212902028752,-1.0,Outliers
LUX,1997,12.647,0.664,299.201,,125.5,4.840242308167575,-1.0,Outliers
LUX,1998,12.309,0.668,311.45,,132.27,4.892377145591635,-1.0,Outliers
LUX,1999,11.965,0.661,350.872,,151.04,5.024143644121048,-1.0,Outliers
LUX,2000,11.036,0.651,375.816,B,163.97,5.105763639187833,-1.0,Outliers
LUX,2001,10.958,0.702,409.75,,180.91,5.203512059274125,-1.0,Outliers
LUX,2002,10.879,0.733,448.58,,200.15,5.304050898395797,6.0,"Low spend, Low health exp"
LUX,2003,10.965,0.764,478.191,,215.97,5.37975909513528,6.0,"Low spend, Low health exp"
LUX,2004,10.412,0.765,510.874,,234.03,5.459713165570837,6.0,"Low spend, Low health exp"
LUX,2005,10.208,0.733,523.189,,243.37,5.498683470172258,6.0,"Low spend, Low health exp"
LUX,2006,10.198,0.684,560.575,,264.95,5.583308321188326,6.0,"Low spend, Low health exp"
LUX,2007,10.673,0.665,588.312,,282.39,5.6468240408189185,6.0,"Low spend, Low health exp"
LUX,2008,10.226,0.669,611.498,,298.81,5.703148940682593,6.0,"Low spend, Low health exp"
LUX,2009,9.86,0.724,630.377,,313.79,5.751905749837929,6.0,"Low spend, Low health exp"
LUX,2010,9.668,0.68,617.448,,313.02,5.749456678147376,6.0,"Low spend, Low health exp"
LUX,2011,8.877,0.543,529.962,B,274.7,5.619313318029751,6.0,"Low spend, Low health exp"
LUX,2012,8.56,0.563,548.101,,291.01,5.676788048257223,6.0,"Low spend, Low health exp"
LUX,2013,8.424,0.552,563.787,,306.34,5.727954626627186,6.0,"Low spend, Low health exp"
LUX,2014,8.192,0.513,561.164,P,312.19,5.746810035126719,6.0,"Low spend, Low health exp"
LUX,2015,8.601,0.52,586.428,P,334.03,5.81422008005431,6.0,"Low spend, Low health exp"
MEX,1999,18.935,0.931,85.022,,8527.76,9.051199260633709,0.0,"High spend, Low health exp"
MEX,2000,19.936,0.968,96.569,,9822.97,9.192580596636333,0.0,"High spend, Low health exp"
MEX,2001,19.889,1.045,105.263,,10849.15,9.291934183757835,0.0,"High spend, Low health exp"
MEX,2002,21.64,1.17,120.726,,12598.44,9.441407647507441,-1.0,Outliers
MEX,2003,35.894,2.134,230.651,B,24366.08,10.100988319990185,-1.0,Outliers
MEX,2004,35.048,2.12,242.481,,25944.4,10.163749608911749,-1.0,Outliers
MEX,2005,35.603,2.108,260.194,,28223.82,10.247957011672462,-1.0,Outliers
MEX,2006,34.725,1.984,267.984,,29503.0,10.29228112635632,-1.0,Outliers
MEX,2007,33.928,1.974,279.012,,31203.68,10.3483233625487,-1.0,Outliers
MEX,2008,33.143,1.904,280.672,,31901.69,10.370445611236505,-1.0,Outliers
MEX,2009,32.454,2.004,288.566,,33330.88,10.41426957535161,-1.0,Outliers
MEX,2010,31.497,1.896,287.049,,33676.28,10.424578704999979,-1.0,Outliers
MEX,2011,28.201,1.623,265.79,,31652.94,10.362617906396391,-1.0,Outliers
MEX,2012,28.765,1.704,289.344,,34960.95,10.462015606245972,-1.0,Outliers
MEX,2013,27.35,1.645,283.955,,34794.7,10.457249094909612,-1.0,Outliers
MEX,2014,27.011,1.537,277.229,,34437.83,10.446939985839165,-1.0,Outliers
MEX,2015,27.201,1.595,286.825,,36108.67,10.494315975487014,-1.0,Outliers
NLD,1972,11.687,0.661,33.085,,440.98,6.091264632185159,0.0,"High spend, Low health exp"
NLD,1973,11.175,0.637,35.249,,473.72,6.162725156542511,0.0,"High spend, Low health exp"
NLD,1974,10.327,0.609,37.995,,514.64,6.245408847574904,0.0,"High spend, Low health exp"
NLD,1975,9.894,0.617,41.766,,570.79,6.3487717911028945,0.0,"High spend, Low health exp"
NLD,1976,9.525,0.588,43.654,,601.29,6.400739056890093,0.0,"High spend, Low health exp"
NLD,1977,9.183,0.575,45.94,,636.55,6.457632705329551,0.0,"High spend, Low health exp"
NLD,1978,8.954,0.571,49.667,,692.44,6.541664718347994,0.0,"High spend, Low health exp"
NLD,1979,8.645,0.566,53.934,,757.14,6.630868065157981,0.0,"High spend, Low health exp"
NLD,1980,8.412,0.555,59.091,,836.13,6.729979375036029,0.0,"High spend, Low health exp"
NLD,1981,8.378,0.56,64.284,,915.87,6.82096569557631,0.0,"High spend, Low health exp"
NLD,1982,8.651,0.598,71.663,,1025.69,6.934095314313978,0.0,"High spend, Low health exp"
NLD,1983,8.547,0.591,74.834,,1075.15,6.981145136210189,0.0,"High spend, Low health exp"
NLD,1984,9.244,0.614,82.585,,1191.22,7.083572394353889,0.0,"High spend, Low health exp"
NLD,1985,9.595,0.636,90.174,,1306.77,7.176078675576713,0.0,"High spend, Low health exp"
NLD,1986,9.969,0.67,98.99,,1442.51,7.274832926685506,0.0,"High spend, Low health exp"
NLD,1987,10.399,0.71,108.992,,1598.37,7.377365080687986,0.0,"High spend, Low health exp"
NLD,1988,10.472,0.707,115.517,,1705.04,7.441930174435607,0.0,"High spend, Low health exp"
NLD,1989,9.973,0.69,121.613,,1805.82,7.499323673012964,0.0,"High spend, Low health exp"
NLD,1990,10.168,0.72,136.103,,2034.95,7.618717819412084,0.0,"High spend, Low health exp"
NLD,1991,10.144,0.737,146.213,,2203.4,7.69821064200908,0.0,"High spend, Low health exp"
NLD,1992,10.996,0.822,168.349,,2556.24,7.846683830878791,0.0,"High spend, Low health exp"
NLD,1993,11.522,0.872,184.053,,2814.24,7.942802794488418,0.0,"High spend, Low health exp"
NLD,1994,11.406,0.85,187.466,,2883.76,7.967196986573665,0.0,"High spend, Low health exp"
NLD,1995,11.65,0.858,198.145,,3063.12,8.027515694584435,0.0,"High spend, Low health exp"
NLD,1996,11.627,0.848,205.342,,3189.06,8.067795004379438,0.0,"High spend, Low health exp"
NLD,1997,11.499,0.817,210.01,,3278.39,8.095412708472825,0.0,"High spend, Low health exp"
NLD,1998,11.76,0.844,230.684,B,3623.4,8.195444036347906,0.0,"High spend, Low health exp"
NLD,1999,12.003,0.862,249.383,,3943.27,8.280019171797205,0.0,"High spend, Low health exp"
NLD,2000,12.285,0.867,273.687,,4358.61,8.380137882800947,0.0,"High spend, Low health exp"
NLD,2001,12.232,0.91,299.575,,4807.03,8.478042715796242,0.0,"High spend, Low health exp"
NLD,2002,12.018,0.956,324.925,,5247.19,8.565638534236859,0.0,"High spend, Low health exp"
NLD,2005,11.139,1.033,384.808,B,6280.02,8.745287666655647,0.0,"High spend, Low health exp"
NLD,2006,10.857,0.997,404.948,,6619.32,8.797898986131372,0.0,"High spend, Low health exp"
NLD,2007,11.004,1.016,441.76,,7236.78,8.887069808524968,0.0,"High spend, Low health exp"
NLD,2008,10.33,0.982,450.402,,7407.13,8.910333324768153,0.0,"High spend, Low health exp"
NLD,2009,9.983,1.022,450.574,,7448.16,8.915856553338804,0.0,"High spend, Low health exp"
NLD,2010,9.817,1.021,455.318,,7565.29,8.931458133826649,0.0,"High spend, Low health exp"
NLD,2011,9.53,1.003,461.879,,7710.18,8.95042650283635,0.0,"High spend, Low health exp"
NLD,2012,8.277,0.903,421.533,,7062.77,8.862734182297327,0.0,"High spend, Low health exp"
NLD,2013,7.757,0.845,411.405,,6913.43,8.841365811200276,0.0,"High spend, Low health exp"
NLD,2014,7.638,0.829,406.47,,6855.12,8.832896963041595,0.0,"High spend, Low health exp"
NLD,2015,7.865,0.841,416.594,,7057.07,8.861926922009781,0.0,"High spend, Low health exp"
NLD,2016,8.024,0.843,432.136,P,7354.27,8.90317234208303,0.0,"High spend, Low health exp"
NZL,1971,11.429,0.583,24.598,,70.18,4.265211880082047,0.0,"High spend, Low health exp"
NZL,1976,10.638,0.645,41.718,,129.76,4.87336358185601,0.0,"High spend, Low health exp"
NZL,1980,11.865,0.681,57.334,,178.48,5.190063781107782,0.0,"High spend, Low health exp"
NZL,1981,10.843,0.614,58.022,,181.31,5.205708534815374,0.0,"High spend, Low health exp"
NZL,1982,11.429,0.663,68.157,,215.11,5.3757875373149355,0.0,"High spend, Low health exp"
NZL,1983,11.962,0.676,74.818,,239.37,5.48217940286057,0.0,"High spend, Low health exp"
NZL,1984,12.433,0.668,80.7,,260.43,5.5661665612460975,0.0,"High spend, Low health exp"
NZL,1985,13.308,0.657,81.54,,264.77,5.58263127309205,0.0,"High spend, Low health exp"
NZL,1986,14.491,0.73,95.976,,311.57,5.744828444092202,0.0,"High spend, Low health exp"
NZL,1987,14.699,0.819,109.193,,357.54,5.882040229826693,0.0,"High spend, Low health exp"
NZL,1988,14.213,0.871,119.077,,390.98,5.971210818080714,0.0,"High spend, Low health exp"
NZL,1989,14.344,0.9,128.515,,424.0,6.052089168924417,0.0,"High spend, Low health exp"
NZL,1990,13.751,0.917,133.933,,445.97,6.102491478267358,0.0,"High spend, Low health exp"
NZL,1991,14.071,0.999,145.548,,508.7,6.233822317345996,0.0,"High spend, Low health exp"
NZL,1992,14.218,1.028,153.303,,541.42,6.29604060910273,0.0,"High spend, Low health exp"
NZL,1993,14.854,1.029,164.199,,586.55,6.37596134877995,0.0,"High spend, Low health exp"
NZL,1994,15.806,1.096,187.377,,678.3,6.521062856197256,0.0,"High spend, Low health exp"
NZL,1995,14.775,1.027,183.84,,675.32,6.51666633681848,0.0,"High spend, Low health exp"
NZL,1996,14.541,1.002,185.022,,690.5,6.538863151104813,0.0,"High spend, Low health exp"
NZL,1997,14.355,1.019,194.962,,737.21,6.604228336968519,0.0,"High spend, Low health exp"
NZL,2004,10.767,0.851,213.402,,872.28,6.772256237519974,0.0,"High spend, Low health exp"
NZL,2005,10.697,0.885,227.251,,939.43,6.846337217475666,0.0,"High spend, Low health exp"
NZL,2006,11.308,0.976,271.073,,1134.33,7.034678636554911,0.0,"High spend, Low health exp"
NZL,2007,10.394,0.865,254.188,,1073.64,6.979741000754758,0.0,"High spend, Low health exp"
NOR,1970,8.564,0.342,11.514,,44.63,3.8205653949393112,0.0,"High spend, Low health exp"
NOR,1971,7.933,0.338,12.556,,49.01,3.9122229854308124,0.0,"High spend, Low health exp"
NOR,1972,7.166,0.332,13.453,,52.91,3.9873159894635775,0.0,"High spend, Low health exp"
NOR,1973,7.057,0.338,14.973,,59.3,4.09933210373314,0.0,"High spend, Low health exp"
NOR,1974,7.236,0.346,17.281,,68.87,4.246636372564359,0.0,"High spend, Low health exp"
NOR,1975,7.103,0.369,20.986,,84.1,4.443827035579329,0.0,"High spend, Low health exp"
NOR,1976,6.876,0.366,23.14,,93.17,4.545101659521972,0.0,"High spend, Low health exp"
NOR,1977,6.355,0.353,24.545,,99.24,4.607567310587813,0.0,"High spend, Low health exp"
NOR,1978,5.545,0.338,26.049,,105.72,4.670208582167313,0.0,"High spend, Low health exp"
NOR,1979,5.787,0.322,27.975,,113.93,4.744323247380668,0.0,"High spend, Low health exp"
NOR,1980,11.023,0.596,58.829,,240.35,5.486248162106502,0.0,"High spend, Low health exp"
NOR,1981,10.847,0.59,64.446,,264.21,5.58052196499145,0.0,"High spend, Low health exp"
NOR,1982,10.88,0.614,71.076,,292.46,5.681741343779321,0.0,"High spend, Low health exp"
NOR,1983,10.673,0.621,77.53,,320.08,5.771690313263376,0.0,"High spend, Low health exp"
NOR,1984,10.941,0.599,81.903,,339.09,5.8292102884641395,0.0,"High spend, Low health exp"
NOR,1985,10.661,0.584,86.65,,359.82,5.888379219024657,0.0,"High spend, Low health exp"
NOR,1986,10.51,0.622,97.607,,406.76,6.010678766031786,0.0,"High spend, Low health exp"
NOR,1987,10.322,0.635,103.549,,433.55,6.074311012883469,0.0,"High spend, Low health exp"
NOR,1988,7.712,0.485,81.21,,341.85,5.837293033730374,0.0,"High spend, Low health exp"
NOR,1989,8.141,0.498,87.135,,368.31,5.911636399748068,0.0,"High spend, Low health exp"
NOR,1990,7.659,0.542,99.867,,423.58,6.051100445003856,0.0,"High spend, Low health exp"
NOR,1991,7.799,0.573,112.003,,477.33,6.170300870860216,0.0,"High spend, Low health exp"
NOR,1992,7.903,0.593,121.995,,522.92,6.261339000909798,0.0,"High spend, Low health exp"
NOR,1993,10.101,0.745,160.581,B,692.42,6.5416358762154045,0.0,"High spend, Low health exp"
NOR,1994,9.282,0.677,155.562,,674.61,6.515615986481888,0.0,"High spend, Low health exp"
NOR,1995,9.514,0.692,168.181,,733.13,6.598686124648708,0.0,"High spend, Low health exp"
NOR,1996,9.653,0.694,185.931,,814.63,6.703960820760467,0.0,"High spend, Low health exp"
NOR,1997,9.633,0.746,213.214,B,939.24,6.8461351618245985,0.0,"High spend, Low health exp"
NOR,1998,9.592,0.808,227.62,,1008.69,6.9173986320293706,0.0,"High spend, Low health exp"
NOR,1999,9.601,0.81,247.47,,1104.19,7.0077725448722425,0.0,"High spend, Low health exp"
NOR,2000,10.212,0.787,290.719,,1305.61,7.175191275829069,0.0,"High spend, Low health exp"
NOR,2001,9.993,0.801,303.553,B,1370.16,7.22341237588943,0.0,"High spend, Low health exp"
NOR,2002,10.057,0.906,343.788,,1560.16,7.3531844136612925,0.0,"High spend, Low health exp"
NOR,2003,9.877,0.911,350.856,,1601.61,7.379388829184729,0.0,"High spend, Low health exp"
NOR,2004,10.062,0.888,377.594,,1733.88,7.458693525723872,0.0,"High spend, Low health exp"
NOR,2005,9.662,0.805,384.641,,1778.31,7.483980927684712,0.0,"High spend, Low health exp"
NOR,2006,9.232,0.731,395.454,,1843.08,7.519735787123422,0.0,"High spend, Low health exp"
NOR,2007,8.579,0.691,385.796,,1816.77,7.505365754082758,0.0,"High spend, Low health exp"
NOR,2008,7.95,0.633,390.574,,1862.34,7.530125855292166,0.0,"High spend, Low health exp"
NOR,2009,7.606,0.69,382.607,,1847.5,7.522129778376686,0.0,"High spend, Low health exp"
NOR,2010,7.653,0.682,395.456,,1933.48,7.567593835498341,0.0,"High spend, Low health exp"
NOR,2011,7.998,0.703,436.365,,2161.35,7.67895087223838,0.0,"High spend, Low health exp"
NOR,2012,7.733,0.679,443.629,,2226.38,7.708581285839941,0.0,"High spend, Low health exp"
NOR,2013,7.589,0.678,453.76,,2304.93,7.743239344774161,0.0,"High spend, Low health exp"
NOR,2014,7.49,0.7,459.597,,2361.06,7.767289398636201,0.0,"High spend, Low health exp"
NOR,2015,7.655,0.764,473.844,,2458.59,7.80774994836931,0.0,"High spend, Low health exp"
NOR,2016,7.539,0.789,501.15,P,2622.48,7.872256959693859,0.0,"High spend, Low health exp"
POL,2002,29.509,1.794,211.341,,8079.64,8.997226356299151,-1.0,Outliers
POL,2003,31.574,1.883,230.732,,8815.02,9.084325799992664,-1.0,Outliers
POL,2004,31.0,1.819,242.886,,9273.93,9.135070340277345,-1.0,Outliers
POL,2005,29.762,1.728,240.171,,9166.23,9.123390447643754,-1.0,Outliers
POL,2006,28.819,1.672,253.274,,9660.19,9.175872108025292,-1.0,Outliers
POL,2007,26.54,1.559,261.569,,9971.16,9.207552489440522,0.0,"High spend, Low health exp"
POL,2008,24.605,1.568,287.143,,10947.54,9.300961393021634,0.0,"High spend, Low health exp"
POL,2009,24.574,1.619,311.849,,11897.54,9.38417098249707,0.0,"High spend, Low health exp"
POL,2010,24.333,1.562,329.4,,12531.3,9.43606459050244,0.0,"High spend, Low health exp"
POL,2011,24.148,1.505,343.987,,13093.26,9.479929245226689,0.0,"High spend, Low health exp"
POL,2012,22.255,1.38,328.913,,12519.47,9.435120183885585,0.0,"High spend, Low health exp"
POL,2013,21.704,1.384,342.047,,13011.53,9.47366801839607,0.0,"High spend, Low health exp"
POL,2014,21.468,1.341,344.854,,13108.5,9.481092437205119,0.0,"High spend, Low health exp"
POL,2015,20.966,1.33,357.184,,13568.14,9.515553375728514,0.0,"High spend, Low health exp"
PRT,1970,14.226,0.322,6.784,,58.89,4.092509546276371,-1.0,Outliers
PRT,1977,20.706,0.846,35.339,,334.15,5.814578192803967,2.0,"Low spend, High health exp"
PRT,1978,24.23,1.021,46.422,,443.71,6.097422384333755,-1.0,Outliers
PRT,1979,25.041,1.025,52.753,,509.66,6.235704006716925,-1.0,Outliers
PRT,1980,20.977,1.004,58.286,,569.24,6.3460573248423895,0.0,"High spend, Low health exp"
PRT,1981,19.472,0.978,62.52,,615.91,6.424723146166882,0.0,"High spend, Low health exp"
PRT,1982,18.984,0.965,66.506,,659.19,6.492527672379203,0.0,"High spend, Low health exp"
PRT,1983,20.083,0.969,68.948,,686.57,6.533163642539425,0.0,"High spend, Low health exp"
PRT,1984,20.577,1.018,73.363,,733.35,6.598985754199871,0.0,"High spend, Low health exp"
PRT,1985,25.954,1.393,106.172,,1064.23,6.970946017268309,3.0,"Low spend, High health exp"
PRT,1986,23.01,1.365,110.418,,1107.79,7.0110246096359505,3.0,"Low spend, High health exp"
PRT,1987,25.339,1.462,129.032,,1294.19,7.166412681518302,3.0,"Low spend, High health exp"
PRT,1988,23.255,1.397,137.375,,1376.44,7.227981982909644,3.0,"Low spend, High health exp"
PRT,1989,24.267,1.344,146.308,,1463.81,7.289480820207561,3.0,"Low spend, High health exp"
PRT,1990,25.305,1.396,164.162,,1638.87,7.402372249383664,3.0,"Low spend, High health exp"
PRT,1991,24.786,1.497,190.3,,1895.43,7.547728450350212,3.0,"Low spend, High health exp"
PRT,1992,25.336,1.567,206.193,,2052.13,7.627120736982034,3.0,"Low spend, High health exp"
PRT,1993,26.203,1.691,222.786,,2219.99,7.705708321407929,3.0,"Low spend, High health exp"
PRT,1994,26.03,1.673,226.69,,2264.98,7.72576261542367,3.0,"Low spend, High health exp"
PRT,1995,24.275,1.748,251.235,B,2518.93,7.831986402341881,3.0,"Low spend, High health exp"
PRT,1996,24.626,1.835,273.478,,2752.27,7.920544575161046,3.0,"Low spend, High health exp"
PRT,1997,24.72,1.832,289.154,,2923.05,7.9807249205866695,-1.0,Outliers
PRT,1998,24.15,1.783,297.23,,3019.92,8.013316699738454,-1.0,Outliers
PRT,2000,21.881,1.832,345.833,B,3558.59,8.177400648674345,-1.0,Outliers
PRT,2001,22.486,1.89,370.107,,3835.32,8.25226885275346,-1.0,Outliers
PRT,2002,22.542,1.929,392.927,,4094.15,8.317558625652936,-1.0,Outliers
PRT,2003,22.284,1.984,413.377,,4323.44,8.372037931213965,-1.0,Outliers
PRT,2004,22.336,2.076,446.21,,4678.0,8.450839690866216,-1.0,Outliers
PRT,2005,22.09,2.084,473.861,,4977.12,8.512807588703684,-1.0,Outliers
PRT,2006,22.342,2.041,503.565,,5298.66,8.575397946539058,-1.0,Outliers
PRT,2007,22.136,2.007,515.673,,5436.72,8.60111513434858,-1.0,Outliers
PRT,2008,21.184,1.981,527.624,,5570.75,8.625464466700025,-1.0,Outliers
PRT,2009,20.154,1.991,527.548,,5575.26,8.62627357976075,-1.0,Outliers
PRT,2010,19.269,1.892,517.697,,5473.66,8.607885452299767,-1.0,Outliers
PRT,2011,18.373,1.751,468.954,,4951.01,8.5075488337485,-1.0,Outliers
PRT,2012,16.638,1.555,411.465,,4326.49,8.372742976244691,0.0,"High spend, Low health exp"
PRT,2013,15.613,1.419,395.927,,4140.33,8.328772271266335,0.0,"High spend, Low health exp"
PRT,2014,15.398,1.389,400.196,,4162.46,8.334101738328174,0.0,"High spend, Low health exp"
PRT,2015,15.5,1.391,412.877,,4276.61,8.36114972139128,0.0,"High spend, Low health exp"
SVK,1999,34.81,1.928,206.344,,1113.44,7.016107315575917,-1.0,Outliers
SVK,2000,34.69,1.843,209.134,,1126.96,7.028165970436341,-1.0,Outliers
SVK,2001,34.657,1.851,229.487,,1234.38,7.1191338940422,-1.0,Outliers
SVK,2002,37.564,2.072,275.505,,1481.37,7.30139743731359,-1.0,Outliers
SVK,2003,40.239,2.196,310.549,,1668.7,7.4203992485549115,-1.0,Outliers
SVK,2004,34.185,2.215,336.67,,1808.69,7.500910838873135,-1.0,Outliers
SVK,2005,33.282,2.196,364.882,B,1960.44,7.581434176346684,-1.0,Outliers
SVK,2006,31.128,2.136,403.152,,2166.16,7.681172833605352,-1.0,Outliers
SVK,2007,29.372,2.112,446.793,,2401.34,7.784198541332264,-1.0,Outliers
SVK,2008,30.159,2.101,497.76,,2677.57,7.893038349009768,-1.0,Outliers
SVK,2009,29.429,2.342,540.515,,2911.43,7.976743063250363,-1.0,Outliers
SVK,2010,29.198,2.278,569.68,,3071.39,8.030211039334697,-1.0,Outliers
SVK,2011,28.72,2.131,550.42,,2971.38,7.997118257691171,-1.0,Outliers
SVK,2012,26.544,2.026,539.956,,2919.85,7.97962994879255,-1.0,Outliers
SVK,2013,26.535,1.998,557.263,,3016.68,8.012243603222402,-1.0,Outliers
SVK,2014,27.029,1.871,542.885,B,2941.7,7.987082806238379,-1.0,Outliers
SVK,2015,26.866,1.85,553.268,,3000.82,8.006974050369084,-1.0,Outliers
ESP,1980,21.807,1.083,76.161,,2855.36,7.957303365935957,0.0,"High spend, Low health exp"
ESP,1981,21.468,1.096,83.527,,3153.87,8.056702569688987,0.0,"High spend, Low health exp"
ESP,1982,22.189,1.153,93.937,,3568.29,8.180121975442704,0.0,"High spend, Low health exp"
ESP,1983,20.64,1.104,94.666,,3613.55,8.192722645516621,0.0,"High spend, Low health exp"
ESP,1984,19.24,0.993,89.373,,3425.7,8.139352977920192,0.0,"High spend, Low health exp"
ESP,1985,21.034,1.061,100.491,,3865.84,8.260192915007828,0.0,"High spend, Low health exp"
ESP,1986,19.646,0.983,97.807,,3773.85,8.236115925794328,0.0,"High spend, Low health exp"
ESP,1987,19.317,0.98,105.265,,4072.16,8.312174389960575,0.0,"High spend, Low health exp"
ESP,1988,18.402,1.039,121.057,,4693.01,8.454042506787907,0.0,"High spend, Low health exp"
ESP,1989,18.798,1.084,137.413,,5335.44,8.582314042966537,0.0,"High spend, Low health exp"
ESP,1990,18.556,1.132,154.269,,5996.02,8.699017958163783,0.0,"High spend, Low health exp"
ESP,1995,19.775,1.394,225.894,,8973.42,9.10213358731283,0.0,"High spend, Low health exp"
ESP,1996,20.275,1.433,242.473,,9672.21,9.177115487861084,0.0,"High spend, Low health exp"
ESP,1997,21.321,1.482,264.692,,10602.87,9.26897430780906,0.0,"High spend, Low health exp"
ESP,1998,21.66,1.498,284.806,,11455.9,9.346347447567151,0.0,"High spend, Low health exp"
ESP,1999,22.123,1.532,304.884,B,12313.31,9.4185172797523,0.0,"High spend, Low health exp"
ESP,2000,21.958,1.497,322.041,,13064.52,9.4777319781577,0.0,"High spend, Low health exp"
ESP,2001,21.949,1.489,341.886,,13966.18,9.544465570743313,0.0,"High spend, Low health exp"
ESP,2002,22.65,1.541,375.405,,15553.61,9.65211233669341,0.0,"High spend, Low health exp"
ESP,2003,21.879,1.648,412.778,B,17414.13,9.76509464760141,0.0,"High spend, Low health exp"
ESP,2004,21.26,1.62,424.38,,18215.19,9.810066038080045,0.0,"High spend, Low health exp"
ESP,2005,20.653,1.585,439.206,,19172.73,9.861296391969004,0.0,"High spend, Low health exp"
ESP,2006,19.635,1.523,469.511,,20845.03,9.944918801423244,0.0,"High spend, Low health exp"
ESP,2007,19.01,1.49,485.437,,21954.76,9.996784798657222,0.0,"High spend, Low health exp"
ESP,2008,18.494,1.533,512.994,,23574.18,10.067949742679296,0.0,"High spend, Low health exp"
ESP,2009,18.252,1.641,531.957,,24663.09,10.113103618602468,0.0,"High spend, Low health exp"
ESP,2010,18.192,1.641,524.963,,24451.15,10.104473425597329,0.0,"High spend, Low health exp"
ESP,2011,17.78,1.617,518.368,,24229.92,10.095384782549097,0.0,"High spend, Low health exp"
ESP,2012,17.652,1.602,512.297,,23961.7,10.084253733693613,0.0,"High spend, Low health exp"
ESP,2013,18.679,1.685,549.259,,25606.48,10.1506397752892,0.0,"High spend, Low health exp"
ESP,2014,17.909,1.627,547.538,,25450.05,10.144512278494995,0.0,"High spend, Low health exp"
ESP,2015,17.995,1.649,572.253,,26579.83,10.18794555826578,0.0,"High spend, Low health exp"
SWE,1970,7.666,0.422,20.418,,164.22,5.10727791913436,0.0,"High spend, Low health exp"
SWE,1971,7.768,0.462,23.532,,190.57,5.25525327707701,0.0,"High spend, Low health exp"
SWE,1972,8.49,0.513,27.837,,226.1,5.425390449111513,0.0,"High spend, Low health exp"
SWE,1973,9.326,0.561,33.314,,271.05,5.605985872931934,0.0,"High spend, Low health exp"
SWE,1974,8.995,0.563,37.473,,305.78,5.726130878319963,0.0,"High spend, Low health exp"
SWE,1975,8.56,0.56,41.61,,340.89,5.834489047899294,0.0,"High spend, Low health exp"
SWE,1976,8.118,0.555,43.743,,359.67,5.887963412839786,0.0,"High spend, Low health exp"
SWE,1977,7.701,0.584,48.003,,396.1,5.984188138137206,0.0,"High spend, Low health exp"
SWE,1978,7.507,0.573,51.13,,423.13,6.050040012012211,0.0,"High spend, Low health exp"
SWE,1979,7.381,0.556,55.579,,460.95,6.135456660116754,0.0,"High spend, Low health exp"
SWE,1980,6.974,0.546,60.498,,502.77,6.222119814706031,0.0,"High spend, Low health exp"
SWE,1981,7.019,0.557,67.682,,563.15,6.335320173584455,0.0,"High spend, Low health exp"
SWE,1982,7.298,0.586,76.451,,636.47,6.4575072171017505,0.0,"High spend, Low health exp"
SWE,1983,7.393,0.587,81.086,,675.37,6.516740263586657,0.0,"High spend, Low health exp"
SWE,1984,7.157,0.554,82.604,,688.64,6.53616972230765,0.0,"High spend, Low health exp"
SWE,1985,7.671,0.564,88.457,,738.65,6.606177101338245,0.0,"High spend, Low health exp"
SWE,1986,7.933,0.565,92.603,,775.07,6.654242722300452,0.0,"High spend, Low health exp"
SWE,1987,8.143,0.586,101.523,,852.57,6.74942755410283,0.0,"High spend, Low health exp"
SWE,1988,7.585,0.54,98.76,,833.19,6.726461194158028,0.0,"High spend, Low health exp"
SWE,1989,8.6,0.617,119.607,,1015.82,6.924435389233335,0.0,"High spend, Low health exp"
SWE,1990,8.628,0.626,125.815,,1076.83,6.982705039589664,0.0,"High spend, Low health exp"
SWE,1991,9.154,0.663,135.181,,1164.91,7.061257176967391,0.0,"High spend, Low health exp"
SWE,1992,10.108,0.761,155.916,,1351.49,7.209702616977961,0.0,"High spend, Low health exp"
SWE,1993,11.203,0.871,177.84,B,1550.51,7.346983929243106,0.0,"High spend, Low health exp"
SWE,1994,12.355,0.911,196.493,,1725.35,7.45376463208261,0.0,"High spend, Low health exp"
SWE,1995,12.929,0.943,214.705,,1895.19,7.547601888764647,0.0,"High spend, Low health exp"
SWE,1996,14.254,1.068,252.227,,2229.94,7.710178300301279,0.0,"High spend, Low health exp"
SWE,1997,13.028,0.953,233.056,,2061.63,7.63173714652554,0.0,"High spend, Low health exp"
SWE,1998,14.286,1.058,269.433,,2384.74,7.77726462773456,0.0,"High spend, Low health exp"
SWE,1999,14.635,1.085,294.6,,2609.53,7.867308544835905,0.0,"High spend, Low health exp"
SWE,2000,14.511,1.076,314.697,,2792.03,7.934882307026052,0.0,"High spend, Low health exp"
SWE,2001,14.61,1.174,348.639,B,3101.48,8.039957070643801,0.0,"High spend, Low health exp"
SWE,2002,14.706,1.23,376.14,,3357.03,8.1191097714868,0.0,"High spend, Low health exp"
SWE,2003,14.215,1.203,378.634,,3391.89,8.129437344571109,0.0,"High spend, Low health exp"
SWE,2004,14.128,1.167,391.6,,3521.87,8.167031277291398,0.0,"High spend, Low health exp"
SWE,2005,13.922,1.152,391.434,,3534.48,8.170604354119796,0.0,"High spend, Low health exp"
SWE,2006,13.952,1.139,426.3,,3871.02,8.261531613672384,0.0,"High spend, Low health exp"
SWE,2007,13.704,1.106,448.828,,4105.92,8.320428634828444,0.0,"High spend, Low health exp"
SWE,2008,13.65,1.135,474.925,,4378.64,8.38472180821174,0.0,"High spend, Low health exp"
SWE,2009,13.475,1.205,478.419,,4448.59,8.40056723608415,0.0,"High spend, Low health exp"
SWE,2010,13.301,1.129,470.326,,4410.78,8.39203351512289,0.0,"High spend, Low health exp"
SWE,2011,10.245,1.094,478.705,,4523.39,8.417238040416962,0.0,"High spend, Low health exp"
SWE,2012,10.149,1.11,496.505,,4726.42,8.461134878126076,0.0,"High spend, Low health exp"
SWE,2013,9.846,1.093,499.194,,4792.45,8.475005681670954,0.0,"High spend, Low health exp"
SWE,2014,9.816,1.094,507.491,,4920.69,8.50140724644009,0.0,"High spend, Low health exp"
SWE,2015,9.851,1.085,518.78,,5083.62,8.533975576093411,0.0,"High spend, Low health exp"
CHE,1985,11.592,0.808,171.227,,1107.9,7.011123811959171,0.0,"High spend, Low health exp"
CHE,1986,12.105,0.865,189.428,,1232.06,7.117254163780884,0.0,"High spend, Low health exp"
CHE,1987,10.344,0.76,172.362,,1128.13,7.029202703667886,0.0,"High spend, Low health exp"
CHE,1988,10.682,0.79,190.12,,1253.53,7.134516279430469,0.0,"High spend, Low health exp"
CHE,1989,10.326,0.766,198.234,,1317.64,7.184356181423101,0.0,"High spend, Low health exp"
CHE,1990,10.549,0.777,213.748,,1435.43,7.2699161476810295,0.0,"High spend, Low health exp"
CHE,1991,10.106,0.805,223.999,,1523.19,7.329218400391705,0.0,"High spend, Low health exp"
CHE,1992,9.692,0.808,227.292,,1562.72,7.354822876944815,0.0,"High spend, Low health exp"
CHE,1993,10.022,0.843,240.318,,1667.39,7.419614368538345,0.0,"High spend, Low health exp"
CHE,1994,10.055,0.853,249.578,,1745.5,7.465369064246887,0.0,"High spend, Low health exp"
CHE,1995,10.097,0.893,266.307,B,1874.98,7.5368864685285315,0.0,"High spend, Low health exp"
CHE,1996,10.162,0.935,285.052,,2015.84,7.609287209076475,0.0,"High spend, Low health exp"
CHE,1997,10.453,0.96,305.359,,2164.66,7.680480443863832,0.0,"High spend, Low health exp"
CHE,1998,10.352,0.964,316.86,,2252.87,7.72040401769243,0.0,"High spend, Low health exp"
CHE,1999,10.623,1.003,339.043,,2422.12,7.792811244971943,0.0,"High spend, Low health exp"
CHE,2000,10.836,1.012,361.001,,2593.52,7.86115680739246,0.0,"High spend, Low health exp"
CHE,2001,10.741,1.041,383.731,,2774.32,7.9285213348475505,0.0,"High spend, Low health exp"
CHE,2002,10.395,1.05,395.506,,2881.16,7.966295292020537,0.0,"High spend, Low health exp"
CHE,2003,10.616,1.103,414.972,,3045.48,8.021742104756447,0.0,"High spend, Low health exp"
CHE,2004,10.549,1.1,430.299,,3179.75,8.06487229702281,0.0,"High spend, Low health exp"
CHE,2005,10.622,1.089,440.715,,3277.65,8.09518703128783,0.0,"High spend, Low health exp"
CHE,2006,10.399,1.02,458.412,,3430.73,8.14081978618443,0.0,"High spend, Low health exp"
CHE,2007,10.305,0.993,491.141,,3708.66,8.218695507197042,0.0,"High spend, Low health exp"
CHE,2008,10.137,0.991,518.695,,3966.81,8.285969584193817,0.0,"High spend, Low health exp"
CHE,2009,10.134,1.053,543.521,,4208.93,8.345201299459811,0.0,"High spend, Low health exp"
CHE,2010,14.503,1.558,824.671,B,6452.98,8.77245227375368,-1.0,Outliers
CHE,2011,14.439,1.562,873.221,,6909.27,8.840763989804433,-1.0,Outliers
CHE,2012,14.307,1.588,914.396,,7312.3,8.897449887265584,-1.0,Outliers
CHE,2013,14.083,1.6,956.715,,7739.2,8.954182806043212,-1.0,Outliers
CHE,2014,13.895,1.61,985.969,,8073.75,8.996497187859273,-1.0,Outliers
CHE,2015,14.014,1.69,1056.053,,8746.65,9.076540371851324,-1.0,Outliers
TUR,1981,10.714,0.276,12.664,,569.73,6.346916243184019,-1.0,Outliers
TUR,1982,12.903,0.277,13.611,,626.45,6.441663986556317,-1.0,Outliers
TUR,1983,11.905,0.261,13.762,,647.82,6.475155328466655,-1.0,Outliers
TUR,1984,10.938,0.231,13.098,,630.2,6.447622769531664,-1.0,Outliers
TUR,1985,13.889,0.207,12.302,,604.45,6.405971983200375,-1.0,Outliers
TUR,1986,12.403,0.228,14.455,,724.61,6.587012680403865,-1.0,Outliers
TUR,1987,13.333,0.253,17.667,,902.8,6.806608096977179,-1.0,Outliers
TUR,1990,22.021,0.54,43.847,,2364.3,7.768660142775557,2.0,"Low spend, High health exp"
TUR,1994,31.628,0.83,75.335,,4336.59,8.37507417331939,-1.0,Outliers
TUR,1999,27.339,1.221,100.371,B,6251.84,8.740791039522032,-1.0,Outliers
TUR,2000,27.806,1.285,118.272,,7479.54,8.920060260876138,-1.0,Outliers
GBR,1970,15.819,0.628,22.406,,1247.19,7.129449780931237,0.0,"High spend, Low health exp"
GBR,1971,15.992,0.642,24.816,,1387.12,7.235705592661115,7.0,"High spend, Low health exp"
GBR,1972,15.6,0.638,26.713,,1498.23,7.3127069219563055,7.0,"High spend, Low health exp"
GBR,1973,15.005,0.603,28.318,,1591.32,7.372947351230651,7.0,"High spend, Low health exp"
GBR,1974,14.959,0.695,34.671,,1949.55,7.575866663070858,7.0,"High spend, Low health exp"
GBR,1975,12.706,0.627,33.655,,1892.28,7.546066053636249,7.0,"High spend, Low health exp"
GBR,1976,13.111,0.649,37.833,,2126.67,7.662782763248165,7.0,"High spend, Low health exp"
GBR,1977,13.654,0.662,41.998,,2360.01,7.7668447725699785,7.0,"High spend, Low health exp"
GBR,1978,13.849,0.665,47.027,,2642.75,7.879953642794588,7.0,"High spend, Low health exp"
GBR,1979,13.627,0.646,51.289,,2884.85,7.967574762931092,7.0,"High spend, Low health exp"
GBR,1980,13.528,0.685,58.008,,3266.68,8.091835531968847,7.0,"High spend, Low health exp"
GBR,1981,13.383,0.707,64.956,,3659.22,8.205278533878538,7.0,"High spend, Low health exp"
GBR,1982,14.488,0.742,73.881,,4160.51,8.333633268162957,7.0,"High spend, Low health exp"
GBR,1983,14.289,0.76,81.975,,4617.89,8.43790969546853,7.0,"High spend, Low health exp"
GBR,1984,15.156,0.794,90.486,,5105.41,8.538251892266736,7.0,"High spend, Low health exp"
GBR,1985,15.008,0.771,94.335,,5334.67,8.582169741605075,7.0,"High spend, Low health exp"
GBR,1986,15.07,0.772,99.163,,5620.7,8.63438938824973,7.0,"High spend, Low health exp"
GBR,1987,14.468,0.749,103.709,,5890.88,8.68133041077634,7.0,"High spend, Low health exp"
GBR,1988,14.664,0.746,112.847,,6424.19,8.767981481310613,7.0,"High spend, Low health exp"
GBR,1989,14.777,0.744,119.66,,6829.8,8.829197076013084,7.0,"High spend, Low health exp"
GBR,1990,14.485,0.737,123.408,,7064.81,8.863022938228385,7.0,"High spend, Low health exp"
GBR,1991,14.7,0.806,137.486,,7895.12,8.974126778566225,7.0,"High spend, Low health exp"
GBR,1992,15.092,0.896,156.32,,9000.97,9.105198721254567,7.0,"High spend, Low health exp"
GBR,1993,15.52,0.932,170.23,,9825.44,9.192831990883375,7.0,"High spend, Low health exp"
GBR,1994,15.948,0.969,187.466,,10847.86,9.291815284324034,7.0,"High spend, Low health exp"
GBR,1995,16.126,0.913,184.328,,10694.53,9.277581176155882,7.0,"High spend, Low health exp"
GBR,1996,16.546,0.935,201.152,,11700.4,9.367463771747044,7.0,"High spend, Low health exp"
GBR,1997,16.925,0.935,212.206,B,12375.21,9.423531360434733,7.0,"High spend, Low health exp"
GBR,2013,12.185,1.201,468.513,B,30044.91,10.31048182421084,-1.0,Outliers
GBR,2014,12.049,1.181,480.649,,31056.25,10.343587554469988,-1.0,Outliers
GBR,2015,12.057,1.191,497.394,,32394.7,10.385780976923485,-1.0,Outliers
USA,2000,11.365,1.421,518.109,,146190.88,11.892675284399715,-1.0,Outliers
USA,2001,11.729,1.545,575.975,,164134.99,12.008450570520953,-1.0,Outliers
USA,2002,12.075,1.686,643.351,,185043.96,12.128354101561204,-1.0,Outliers
USA,2003,12.327,1.782,707.226,,205171.87,12.231608171062279,-1.0,Outliers
USA,2004,12.505,1.818,762.271,,223196.99,12.3158145040724,-1.0,Outliers
USA,2005,12.471,1.814,803.701,,237506.99,12.377956543996213,-1.0,Outliers
USA,2006,12.725,1.866,866.302,,258487.11,12.462604975741238,-1.0,Outliers
USA,2007,12.641,1.884,905.301,,272704.91,12.516149240766058,-1.0,Outliers
USA,2008,12.399,1.896,917.815,,279102.0,12.539336168302189,-1.0,Outliers
USA,2009,12.331,2.015,946.894,,290480.12,12.579293861767923,-1.0,Outliers
USA,2010,11.938,1.957,946.859,,292909.12,12.587621083260263,-1.0,Outliers
USA,2011,11.855,1.939,965.58,,300935.91,12.61465592043268,-1.0,Outliers
USA,2012,11.459,1.874,964.237,,302768.85,12.62072822491423,-1.0,Outliers
USA,2013,11.384,1.858,980.864,,310154.01,12.644827483744923,-1.0,Outliers
USA,2014,11.968,1.981,1081.402,,344495.16,12.749838222784467,-1.0,Outliers
USA,2015,12.227,2.068,1162.399,,373009.91,12.829362947527958,-1.0,Outliers
EST,1999,19.973,1.139,95.332,,132.53,4.894326171695873,-1.0,Outliers
EST,2000,22.79,1.177,110.803,,154.79,5.048508946524337,-1.0,Outliers
EST,2001,25.52,1.222,126.176,,175.15,5.171335904787247,-1.0,Outliers
EST,2002,27.158,1.285,148.975,,205.49,5.330251985078383,-1.0,Outliers
EST,2003,24.654,1.204,157.352,,215.69,5.3784677607308655,-1.0,Outliers
EST,2004,25.539,1.301,187.682,B,255.73,5.5480249489877975,-1.0,Outliers
EST,2005,24.026,1.191,196.655,,266.42,5.58882045618652,-1.0,Outliers
EST,2006,23.76,1.169,225.173,,303.27,5.717915465122114,-1.0,Outliers
EST,2007,21.745,1.093,240.063,,321.85,5.777187819072476,8.0,"Low spend, High health exp"
EST,2008,18.788,1.081,244.933,,327.5,5.794536837924666,8.0,"Low spend, High health exp"
EST,2009,19.983,1.307,268.334,,358.1,5.883600901232037,8.0,"Low spend, High health exp"
EST,2010,20.458,1.296,280.186,,373.06,5.924416212354854,8.0,"Low spend, High health exp"
EST,2011,19.87,1.157,283.959,,376.94,5.934735452861893,8.0,"Low spend, High health exp"
EST,2012,20.15,1.174,305.562,,404.17,6.004306732121277,8.0,"Low spend, High health exp"
EST,2013,19.327,1.164,319.351,,420.9,6.044768319130293,8.0,"Low spend, High health exp"
EST,2014,18.703,1.162,331.543,,435.83,6.079544103390923,8.0,"Low spend, High health exp"
EST,2015,18.22,1.187,343.486,,451.82,6.115494695524832,8.0,"Low spend, High health exp"
SVN,2002,22.091,1.766,358.67,,715.38,6.574210752432259,9.0,"Low spend, High health exp"
SVN,2003,21.213,1.714,362.285,,723.02,6.584819016313564,9.0,"Low spend, High health exp"
SVN,2004,21.234,1.683,383.638,,766.13,6.642656278530614,9.0,"Low spend, High health exp"
SVN,2005,21.305,1.697,406.336,,812.86,6.7017883610385445,9.0,"Low spend, High health exp"
SVN,2006,21.146,1.65,425.293,,853.51,6.750528205237315,9.0,"Low spend, High health exp"
SVN,2007,20.077,1.505,415.215,,837.95,6.732151109935707,9.0,"Low spend, High health exp"
SVN,2008,19.07,1.497,443.436,,896.32,6.799412543145105,9.0,"Low spend, High health exp"
SVN,2009,19.75,1.691,465.075,,948.6,6.8560408432954585,9.0,"Low spend, High health exp"
SVN,2010,19.847,1.699,472.268,,967.48,6.875727832143377,9.0,"Low spend, High health exp"
SVN,2011,19.633,1.677,482.969,,991.46,6.900186709482185,9.0,"Low spend, High health exp"
SVN,2012,20.247,1.767,509.632,,1048.39,6.955964321952395,9.0,"Low spend, High health exp"
SVN,2013,20.358,1.783,526.46,,1084.48,6.989777564459526,9.0,"Low spend, High health exp"
SVN,2014,18.606,1.589,492.577,,1015.68,6.924297695601449,9.0,"Low spend, High health exp"
SVN,2015,18.33,1.566,500.567,,1032.94,6.941132026305435,9.0,"Low spend, High health exp"
ISR,2006,13.293,0.923,236.833,B,1670.55,7.421506618664331,0.0,"High spend, Low health exp"
ISR,2007,13.57,0.938,257.901,,1851.75,7.524426300831468,0.0,"High spend, Low health exp"
ISR,2008,13.389,0.937,256.823,,1877.07,7.537999932768982,0.0,"High spend, Low health exp"
ISR,2009,13.974,0.991,272.317,,2038.46,7.6204403459151235,0.0,"High spend, Low health exp"
ISR,2010,13.577,0.957,276.113,,2104.98,7.652536195972663,0.0,"High spend, Low health exp"
ISR,2011,13.388,0.938,286.345,,2223.7,7.707377354049088,0.0,"High spend, Low health exp"
ISR,2012,13.213,0.941,298.796,,2363.63,7.768376840483777,0.0,"High spend, Low health exp"
ISR,2013,12.924,0.915,313.203,,2524.26,7.834099306705413,0.0,"High spend, Low health exp"
LVA,2004,23.68,1.475,180.294,,408.03,6.013788502986101,-1.0,Outliers
LVA,2005,22.548,1.321,182.984,,409.66,6.017765621527353,-1.0,Outliers
LVA,2006,23.176,1.33,209.574,,464.91,6.143992482425847,-1.0,Outliers
LVA,2007,26.523,1.53,277.258,,610.06,6.415195154022991,-1.0,Outliers
LVA,2008,21.484,1.209,234.848,,511.34,6.2389884671475695,8.0,"Low spend, High health exp"
LVA,2009,24.354,1.499,253.112,,542.08,6.2972566387320805,-1.0,Outliers
LVA,2010,25.794,1.586,279.009,,585.24,6.37372926204571,-1.0,Outliers
LVA,2011,26.092,1.454,287.478,,592.12,6.385396739402422,-1.0,Outliers
LVA,2012,25.519,1.383,293.962,,598.01,6.395278292466916,-1.0,Outliers
LVA,2013,26.284,1.419,321.85,B,647.77,6.475078262521287,-1.0,Outliers
LVA,2014,26.845,1.473,351.889,,701.59,6.5547735068810224,-1.0,Outliers
LVA,2015,26.761,1.542,383.852,,759.08,6.6334236908984945,-1.0,Outliers
LTU,2004,33.914,1.867,243.511,,822.35,6.713381383664008,-1.0,Outliers
LTU,2005,34.341,1.937,281.439,,935.09,6.841711625701262,-1.0,Outliers
LTU,2006,30.993,1.809,298.436,,975.86,6.8843433459714785,-1.0,Outliers
LTU,2007,28.47,1.639,312.933,,1011.18,6.919861699643846,-1.0,Outliers
LTU,2008,26.126,1.643,340.758,,1089.82,6.9946849859701965,-1.0,Outliers
LTU,2009,26.661,1.961,356.225,,1126.71,7.027944306805558,-1.0,Outliers
LTU,2010,26.716,1.821,366.563,,1135.35,7.035576650420022,-1.0,Outliers
LTU,2011,26.038,1.692,386.589,,1170.64,7.066159755715945,-1.0,Outliers
LTU,2012,28.942,1.82,448.728,,1340.7,7.201692745596426,-1.0,Outliers
LTU,2013,28.173,1.728,461.178,,1364.02,7.218924359526373,-1.0,Outliers
LTU,2014,27.836,1.724,485.245,,1422.92,7.261168910618498,-1.0,Outliers
LTU,2015,26.784,1.745,504.422,,1465.3,7.290497499983034,-1.0,Outliers
RUS,2015,22.939,1.286,309.9,,44655.62,10.7067578395923,0.0,"High spend, Low health exp"
